training_points,removed_position,removed_orientation,removed_leverage,replacement_orientation,replacement_leverage,retained_rank,condition_number,worst_normalized_error,tolerance_headroom,tolerance_safety_factor,limiting_R,minimum_guardrail_prediction,any_guardrail_below_warning,strict_pass
161,1,328,0.90676326878889602,294,0.14745033504606417,158,213.96275958183381,1.844034096941233,-0.84403409694123299,0.54228932190502155,5.5999999999999996,5000.7244355518769,False,False
161,2,232,0.88422490502675666,294,0.14745033504606417,158,217.67960945003873,12.300397820359636,-11.300397820359636,0.081298183571331215,4.4000000000000004,5000.6723536863919,False,False
161,3,167,0.86208063117142419,294,0.14745033504606417,158,211.53937934990265,1.4720337358119198,-0.47203373581191976,0.67933225691219412,4.4000000000000004,5000.6071788638283,False,False
161,4,149,0.8496139235097917,294,0.14745033504606417,158,104.08437065957369,0.54251482527400818,0.45748517472599182,1.8432676000972501,4.4000000000000004,5000.6432890187498,False,True
161,5,218,0.81651911222501861,294,0.14745033504606417,158,103.96118923698775,3.3629004004960072,-2.3629004004960072,0.29736236013784595,4.4000000000000004,5000.6273188132282,False,False
161,6,50,0.79585806435497153,294,0.14745033504606417,158,73.743501178742051,0.59001985683398162,0.40998014316601838,1.6948582126810989,4.4000000000000004,5001.0066307114394,False,True
161,7,282,0.79109814790570709,294,0.14745033504606417,158,134.4796950703338,6.5971347477011442,-5.5971347477011442,0.15158095722517456,4.4000000000000004,5000.6955643723168,False,False
161,8,411,0.78169229901005888,294,0.14745033504606417,158,49.223934663647633,0.46130462098673763,0.53869537901326237,2.1677649746082852,4.4000000000000004,5000.6820552110612,False,True
161,9,423,0.77777291692197137,294,0.14745033504606417,158,69.312624148235969,0.42268765615095849,0.57731234384904151,2.3658131138867713,4.4000000000000004,5000.8513255316611,False,True
161,10,159,0.77356747297146899,294,0.14745033504606417,158,188.95929485129687,1.4287408340499965,-0.42874083404999652,0.69991700115782274,5.7999999999999998,5000.6335248920932,False,False
161,11,347,0.75571946619536057,294,0.14745033504606417,158,105.07360989119272,0.70267120842858066,0.29732879157141934,1.4231407064996313,4.4000000000000004,5000.6972527304379,False,True
161,12,248,0.73065215596173627,294,0.14745033504606417,158,53.45299179626813,2.4340175075351063,-1.4340175075351063,0.41084338830934924,4.4000000000000004,5000.6270394997882,False,False
161,13,172,0.73515003507604626,294,0.14745033504606417,158,146.25097083325917,1.0525554319816521,-0.052555431981652134,0.95006872760828787,5.7999999999999998,5000.6333730201741,False,False
161,14,302,0.72543835092744624,294,0.14745033504606417,158,75.154157136962738,2.7785887036621877,-1.7785887036621877,0.35989493467744871,4.4000000000000004,5000.7339396553507,False,False
161,15,385,0.72108388903941067,294,0.14745033504606417,158,47.873158565410485,0.48871538896696115,0.5112846110330389,2.0461807067581486,4.4000000000000004,5000.6621011140833,False,True
161,16,406,0.72945485068692784,294,0.14745033504606417,158,78.059404183938327,0.7011362196970089,0.2988637803029911,1.4262563705982028,4.4000000000000004,5000.7873226191487,False,True
161,17,136,0.71991271752084995,294,0.14745033504606417,158,280.56544311764873,2.1201956018570058,-1.1201956018570058,0.47165459598356618,6.4000000000000004,5000.8395641636043,False,False
161,18,318,0.72135965885028319,294,0.14745033504606417,158,64.891511250801884,0.48549349249341933,0.51450650750658067,2.0597598432558901,4.4000000000000004,5000.6339024268746,False,True
161,19,331,0.70788772307048586,294,0.14745033504606417,158,246.02037972361521,1.3534323976989284,-0.35343239769892842,0.73886217124710085,4.4000000000000004,5000.6086585681414,False,False
161,20,153,0.73023626588030188,294,0.14745033504606417,158,177.86888277773306,0.51066691954778776,0.48933308045221224,1.958223573372508,6.4000000000000004,5000.795134770372,False,True
161,21,267,0.65547482902372112,294,0.14745033504606417,158,119.44408093938465,3.3851395481902102,-2.3851395481902102,0.29540879652498458,5.2000000000000002,5000.6074031639355,False,False
161,22,68,0.6626734207772953,294,0.14745033504606417,158,68.513072508731639,1.4349287007274072,-0.43492870072740719,0.69689873754220044,4.4000000000000004,5000.6068015030814,False,False
161,23,451,0.66418404151521904,294,0.14745033504606417,158,94.627076480461085,0.30121341651516403,0.69878658348483591,3.3199052405079601,4.4000000000000004,5000.9575713471459,False,True
161,24,303,0.6520781226680904,294,0.14745033504606417,158,74.421087069568443,2.4354470359728455,-1.4354470359728455,0.41060223656251571,4.4000000000000004,5000.7185533793236,False,False
161,25,352,0.67795609218283048,294,0.14745033504606417,158,84.869679409350809,0.45306421547883141,0.54693578452116864,2.2071926359117255,4.4000000000000004,5000.6699214994096,False,True
161,26,280,0.66144555652656434,294,0.14745033504606417,158,153.89606312115401,2.4044264075600719,-1.4044264075600719,0.41589960784649888,4.4000000000000004,5000.671693215857,False,False
161,27,92,0.63536239920409032,294,0.14745033504606417,158,95.59755605421617,0.7405233025836282,0.2594766974163718,1.3503963974004298,4.4000000000000004,5000.6951112925099,False,True
161,28,383,0.62283645627809392,294,0.14745033504606417,158,169.83581322718186,2.0894489059393884,-1.0894489059393884,0.47859509613153872,4.4000000000000004,5000.462930391237,False,False
161,29,314,0.68623890887944272,294,0.14745033504606417,158,245.39536060963837,6.8237733621667944,-5.8237733621667944,0.14654648490296049,4.4000000000000004,5000.9796886302311,False,False
161,30,44,0.62227955504037946,294,0.14745033504606417,158,76.795060430127066,0.52126101518396417,0.47873898481603583,1.9184246871926123,4.4000000000000004,5000.6484674889698,False,True
161,31,453,0.67478536663399136,294,0.14745033504606417,158,52.755050501865085,0.59706585665422363,0.40293414334577637,1.6748571181137326,4.4000000000000004,5000.924070891645,False,True
161,32,257,0.63971128827995449,294,0.14745033504606417,158,208.89814926517181,5.6154520532810608,-4.6154520532810608,0.17808005313048814,4.4000000000000004,5000.4868602282504,False,False
161,33,300,0.6012433924437548,294,0.14745033504606417,158,48.979647881658167,0.82023691708242696,0.17976308291757304,1.2191599514406011,4.4000000000000004,5000.6460979692192,False,True
161,34,367,0.59618496728790582,294,0.14745033504606417,158,59.066176312688143,0.48177927356046335,0.51822072643953665,2.0756393121890908,4.4000000000000004,5000.6896815064592,False,True
161,35,122,0.60447251966423232,294,0.14745033504606417,158,184.68574075035031,1.5035490440592443,-0.50354904405924428,0.66509303700544742,4.4000000000000004,5000.5956564203261,False,False
161,36,326,0.65759395188836822,294,0.14745033504606417,158,83.170589921858792,0.63396288982940519,0.36603711017059481,1.5773793956127191,5.7999999999999998,5000.6681619883602,False,True
161,37,390,0.58940006681541912,294,0.14745033504606417,158,108.54263907927781,0.77352179466643756,0.22647820533356244,1.2927883957442021,4.4000000000000004,5000.443958359715,False,True
161,38,324,0.63664849470743801,294,0.14745033504606417,158,107.9557850478203,1.0089201210374323,-0.0089201210374323381,0.99115874403589044,4.4000000000000004,5000.9450373373911,False,False
161,39,230,0.63700278567523083,294,0.14745033504606417,158,49.556384069118224,1.8041175756657513,-0.80411757566575126,0.55428759937166638,4.4000000000000004,5000.6262327031618,False,False
161,40,360,0.55414309638099724,294,0.14745033504606417,158,47.265493886978412,0.55291536709338163,0.44708463290661837,1.8085950572451903,4.4000000000000004,5000.7453698408963,False,True
161,41,474,0.60996443809422285,294,0.14745033504606417,158,67.824263921269051,0.49022640081741159,0.50977359918258847,2.0398738181635738,4.4000000000000004,5000.8933225610208,False,True
161,42,126,0.55210907391120034,294,0.14745033504606417,158,76.068860627885485,0.49459899490432463,0.50540100509567543,2.0218399355895178,4.4000000000000004,5000.6619776982016,False,True
161,43,363,0.5767265188681262,294,0.14745033504606417,158,76.249902206052909,0.80585750826773317,0.19414249173226683,1.2409141687462768,4.4000000000000004,5000.679529903693,False,True
161,44,386,0.53685349040101715,294,0.14745033504606417,158,92.991588815006011,0.48396341551440814,0.51603658448559186,2.0662718873844894,4.4000000000000004,5000.6678470972938,False,True
161,45,307,0.63019010852623514,294,0.14745033504606417,158,84.996776666915267,1.7232144943100538,-0.7232144943100538,0.58031081058216338,4.4000000000000004,5000.7705238683911,False,False
161,46,203,0.50932814156000727,294,0.14745033504606417,158,102.00180259106942,2.7089410347787028,-1.7089410347787028,0.36914793905128002,4.4000000000000004,5000.6596872188447,False,False
161,47,479,0.51786587625138836,294,0.14745033504606417,158,341.1705690136298,4.1346798630235551,-3.1346798630235551,0.24185669341488822,4.4000000000000004,5000.8411903931865,False,False
161,48,205,0.51885851262194937,294,0.14745033504606417,158,66.689720289995762,0.50847869116034194,0.49152130883965806,1.9666507513186298,4.4000000000000004,5000.6494640445599,False,True
161,49,105,0.5249935785947788,294,0.14745033504606417,158,70.348883659578462,0.51163610383362024,0.48836389616637976,1.9545141410215874,4.4000000000000004,5000.6643099179628,False,True
161,50,426,0.50567769776285765,294,0.14745033504606417,158,154.15214096820193,0.64344933581184227,0.35655066418815773,1.5541239136385097,4.4000000000000004,5000.5794778779837,False,True
161,51,270,0.54108642967420739,294,0.14745033504606417,158,51.677353109854906,1.8398174588169531,-0.83981745881695313,0.54353218315637908,4.4000000000000004,5000.6431892800101,False,False
161,52,146,0.49847674691931976,294,0.14745033504606417,158,98.540733793893779,0.8360416544205691,0.1639583455794309,1.1961126514600096,6,5000.9947606700662,False,True
161,53,306,0.49089592879440691,294,0.14745033504606417,158,53.791945343855176,0.84532098018148227,0.15467901981851773,1.1829825870231088,4.4000000000000004,5000.7004280203037,False,True
161,54,85,0.46952439417663394,294,0.14745033504606417,158,110.23827649562999,1.1195585678780435,-0.11955856787804353,0.89320918859595799,4.4000000000000004,5000.8360851147418,False,False
161,55,179,0.47657449744549424,294,0.14745033504606417,158,90.549252799708256,2.1624136546211781,-1.1624136546211781,0.46244621044773448,4.4000000000000004,5000.6465153610925,False,False
161,56,330,0.45466626388691328,294,0.14745033504606417,158,71.891252580096349,0.48858730793610483,0.51141269206389517,2.046717104102048,4.4000000000000004,5000.6854804230143,False,True
161,57,243,0.51292494528280308,294,0.14745033504606417,158,276.89191682218933,16.70174785813888,-15.70174785813888,0.059873972981378289,4.4000000000000004,5000.7483338539714,False,False
161,58,123,0.46698907596130906,294,0.14745033504606417,158,93.604000537228416,0.55537913372651104,0.44462086627348896,1.800571788302793,4.4000000000000004,5000.6282815582845,False,True
161,59,381,0.48799627191402262,294,0.14745033504606417,158,56.754198240135558,0.57149233318236914,0.42850766681763086,1.7498047514154309,4.4000000000000004,5000.6877872498899,False,True
161,60,376,0.480821844463373,294,0.14745033504606417,158,69.366581118097812,0.41201068085716902,0.58798931914283092,2.4271215443239158,4.4000000000000004,5000.6688837342526,False,True
161,61,275,0.61131065765306691,294,0.14745033504606417,158,97.491470824145978,1.666962255790762,-0.66696225579076196,0.59989360678453207,4.4000000000000004,5000.5241848189371,False,False
161,62,110,0.59571425816255896,294,0.14745033504606417,158,151.47363919103617,0.82781487543536147,0.17218512456463853,1.2079995536128576,4.4000000000000004,5000.567484180162,False,True
161,63,43,0.43178903945398833,294,0.14745033504606417,158,79.375022841702119,0.54672376539293444,0.45327623460706556,1.8290772475955797,4.4000000000000004,5000.7604606961631,False,True
161,64,2,0.43436416673460998,294,0.14745033504606417,158,116.40862108661787,1.4223323460559647,-0.4223323460559647,0.70307056066954754,4.4000000000000004,5000.6741141906041,False,False
161,65,304,0.45542778178538401,294,0.14745033504606417,158,126.95508660271497,2.6419588022591949,-1.6419588022591949,0.37850703771189725,4.4000000000000004,5000.7667114627211,False,False
161,66,58,0.51678418289171013,294,0.14745033504606417,158,47.60731552558785,0.33887185033693562,0.66112814966306432,2.9509680400001175,5,5000.6686834758621,False,True
161,67,450,0.41257858305632389,294,0.14745033504606417,158,47.288845400969485,0.48718060765731908,0.51281939234268092,2.0526268580530118,4.4000000000000004,5000.7007670695648,False,True
161,68,261,0.45747074011551525,294,0.14745033504606417,158,70.142361946126684,2.2876871662591292,-1.2876871662591292,0.43712270399069447,4.4000000000000004,5000.6491568224455,False,False
161,69,152,0.42233046225079329,294,0.14745033504606417,158,194.52300657621529,3.7852072040342613,-2.7852072040342613,0.26418633012591841,4.4000000000000004,5000.6776385739258,False,False
161,70,162,0.4929244804011631,294,0.14745033504606417,158,177.31594954553711,3.1471188719669678,-2.1471188719669678,0.31775094639974438,4.4000000000000004,5000.6757630136599,False,False
161,71,290,0.45773545009686833,294,0.14745033504606417,158,49.065062398879711,1.1814446009686479,-0.1814446009686479,0.84642140577739799,4.4000000000000004,5000.6547034584055,False,False
161,72,372,0.48842680105863678,294,0.14745033504606417,158,63.575427914193682,0.41361212157833688,0.58638787842166318,2.4177241135584153,4.4000000000000004,5000.6727496407648,False,True
161,73,191,0.4768459363275786,294,0.14745033504606417,158,47.947184981394678,0.48725362756883789,0.51274637243116206,2.0523192510428725,4.4000000000000004,5000.667152478868,False,True
161,74,142,0.43058006533907045,294,0.14745033504606417,158,85.266343666405632,0.76601407533897192,0.23398592466102808,1.3054590407591218,4.4000000000000004,5000.594213147152,False,True
161,75,439,0.42182911035462051,294,0.14745033504606417,158,69.083978688206344,0.99674788882815368,0.0032521111718463169,1.003262721906208,4.4000000000000004,5000.6562859993837,False,True
161,76,100,0.4057359827658763,294,0.14745033504606417,158,47.328996731975245,0.45998927632927894,0.540010723670721,2.173963723632895,4.4000000000000004,5000.5960640534222,False,True
161,77,81,0.39507117559251181,294,0.14745033504606417,158,121.9985007777185,0.67461294718325748,0.32538705281674252,1.4823314675108832,4.4000000000000004,5000.7687966433068,False,True
161,78,446,0.41668504159824571,294,0.14745033504606417,158,50.559687818983356,0.44639936169807515,0.55360063830192485,2.240146572333936,4.4000000000000004,5000.7025472774476,False,True
161,79,420,0.38872418364568528,294,0.14745033504606417,158,48.330219595828318,0.46633762616261132,0.53366237383738868,2.144369109198367,4.4000000000000004,5000.6101001752913,False,True
161,80,165,0.40132478858271964,294,0.14745033504606417,158,79.267351758277186,0.50314050608949379,0.49685949391050621,1.9875163853775064,4.4000000000000004,5000.6700453067097,False,True
161,81,384,0.44089145809987257,294,0.14745033504606417,158,60.511490180638098,0.65975361217180839,0.34024638782819161,1.5157173550109901,4.4000000000000004,5000.8335697102202,False,True
161,82,25,0.3623482454816585,294,0.14745033504606417,158,49.251631848600113,0.47730178828407682,0.52269821171592312,2.0951105245070392,4.4000000000000004,5000.4849535359799,False,True
161,83,69,0.47317552505479593,294,0.14745033504606417,158,61.186521635197614,0.96070128902426311,0.039298710975736895,1.040906274848086,4.4000000000000004,5000.5593763455126,False,True
161,84,355,0.39461595422468693,294,0.14745033504606417,158,103.10440322889124,0.66423029159599256,0.33576970840400744,1.5055019511338907,4.4000000000000004,5000.6861807525438,False,True
161,85,211,0.40721267083973695,294,0.14745033504606417,158,185.18217636841828,8.4337955307491317,-7.4337955307491317,0.11857057671768989,4.4000000000000004,5000.6060268907158,False,False
161,86,374,0.36860380757171796,294,0.14745033504606417,158,83.595729532045411,1.5085041934611059,-0.50850419346110587,0.66290833286025153,4.4000000000000004,5000.6745924105162,False,False
161,87,161,0.41782355051475978,294,0.14745033504606417,158,115.73425056386323,0.50293492861168931,0.49706507138831069,1.9883287938668688,4.4000000000000004,5000.7497327741185,False,True
161,88,103,0.37831562827083759,294,0.14745033504606417,158,65.098889108712228,0.59371644935274759,0.40628355064725241,1.6843057002887001,6.5999999999999996,5000.6055377520934,False,True
161,89,54,0.41799668176638854,294,0.14745033504606417,158,85.246997201325925,0.48527754535248718,0.51472245464751287,2.0606764305849716,4.4000000000000004,5000.6745918078514,False,True
161,90,459,0.44834342961544754,294,0.14745033504606417,158,61.826040503701741,0.68955327438379488,0.31044672561620512,1.450214272267258,4.4000000000000004,5000.7582627956763,False,True
161,91,26,0.40013503884456553,294,0.14745033504606417,158,47.496487170301357,0.35939073714652991,0.64060926285347009,2.7824868496604642,4.4000000000000004,5000.6562997418141,False,True
161,92,305,0.45640946963046564,294,0.14745033504606417,158,66.900832152312361,1.5136801707953418,-0.51368017079534178,0.66064154059345592,4.4000000000000004,5000.7337024049693,False,False
161,93,215,0.43196408667677921,294,0.14745033504606417,158,60.175000549889155,2.3552281896097789,-1.3552281896097789,0.42458730937900457,4.4000000000000004,5000.6045613214565,False,False
161,94,59,0.35811828347346725,294,0.14745033504606417,158,47.267021231956157,0.62167706296279945,0.37832293703720055,1.6085521882280527,4.4000000000000004,5000.6701291176341,False,True
161,95,135,0.46820265623074342,294,0.14745033504606417,158,94.879372082588063,0.53758657064579962,0.46241342935420038,1.8601655149210774,4.4000000000000004,5000.7154810729926,False,True
161,96,73,0.328874070733289,294,0.14745033504606417,158,48.487771059516035,0.38583374118432301,0.61416625881567699,2.5917899168965461,4.4000000000000004,5000.561544333942,False,True
161,97,273,0.43632332026752302,294,0.14745033504606417,158,47.444701535520721,0.84320732844375534,0.15679267155624466,1.1859479469250169,4.4000000000000004,5000.5845318176935,False,True
161,98,452,0.3538321027586645,294,0.14745033504606417,158,53.475228244534506,0.60528701756449377,0.39471298243550623,1.6521087863799249,4.4000000000000004,5000.5987660983346,False,True
161,99,47,0.3494316344719004,294,0.14745033504606417,158,50.530460221979602,0.58311195721014175,0.41688804278985825,1.7149365360031885,4.4000000000000004,5000.649861576253,False,True
161,100,169,0.33967409093551715,294,0.14745033504606417,158,76.514253280501805,0.9528140267423475,0.047185973257652503,1.0495227525343853,4.4000000000000004,5000.6332606813203,False,True
161,101,83,0.33123140426658215,294,0.14745033504606417,158,61.886809868827754,1.0838261435410861,-0.083826143541086084,0.92265720471808454,4.4000000000000004,5000.7282766087474,False,False
161,102,186,0.35492655643459309,294,0.14745033504606417,158,56.71518559372084,0.95885848606767532,0.04114151393232468,1.0429067631252324,4.4000000000000004,5000.7125536732919,False,True
161,103,412,0.33873420987063896,294,0.14745033504606417,158,62.380345309137354,0.54954689172123361,0.45045310827876639,1.8196809318089382,4.4000000000000004,5000.6438610653622,False,True
161,104,441,0.30655533665932944,294,0.14745033504606417,158,51.851294900425764,0.48747727602964186,0.51252272397035814,2.0513776727085702,4.4000000000000004,5000.5895044988665,False,True
161,105,388,0.37021908629929229,294,0.14745033504606417,158,53.624694782472631,0.78814632246703098,0.21185367753296902,1.2687999315531047,4.4000000000000004,5000.6082824332561,False,True
161,106,394,0.49623180251569293,294,0.14745033504606417,158,76.954889395843907,0.57154911313323598,0.42845088686676402,1.7496309188863814,4.4000000000000004,5000.6846501292184,False,True
161,107,283,0.31614023452503065,294,0.14745033504606417,158,60.02607287906892,1.3584122660428317,-0.35841226604283172,0.73615354115807818,4.4000000000000004,5000.620643078114,False,False
161,108,224,0.31407152759038187,294,0.14745033504606417,158,90.470003626525497,1.2441786989846857,-0.24417869898468569,0.8037430642527893,4.4000000000000004,5000.6491593757792,False,False
161,109,351,0.27722263573446948,294,0.14745033504606417,158,65.904977592263805,0.43993934145518437,0.56006065854481557,2.273040634857312,4.4000000000000004,5000.6837778339232,False,True
161,110,353,0.33187939745072076,294,0.14745033504606417,158,56.070145493603469,0.558946246208194,0.441053753791806,1.7890808047890963,6.4000000000000004,5000.5684320905439,False,True
161,111,258,0.30005079915659916,294,0.14745033504606417,158,110.9683267678831,1.6440485387419841,-0.64404853874198409,0.60825454749967045,5.2000000000000002,5000.7059237050426,False,False
161,112,443,0.35555148165657524,294,0.14745033504606417,158,56.551472498308037,0.54243422607273994,0.45756577392726006,1.8435414874906897,4.4000000000000004,5000.7793833513597,False,True
161,113,281,0.2786621877968139,294,0.14745033504606417,158,123.62594798937786,4.2750554417670363,-3.2750554417670363,0.2339150950488407,4.4000000000000004,5000.5691766609525,False,False
161,114,354,0.3466969257459126,294,0.14745033504606417,158,133.27459499326588,0.56607865502373989,0.43392134497626011,1.7665389626077008,4.4000000000000004,5000.6451719171082,False,True
161,115,63,0.36466403967726718,294,0.14745033504606417,158,50.054137702168809,0.60896306538453104,0.39103693461546896,1.6421357169971349,4.4000000000000004,5000.6596117134322,False,True
161,116,323,0.27057132301225667,294,0.14745033504606417,158,151.72227201908012,1.026581873299556,-0.026581873299555969,0.97410642639332923,4.4000000000000004,5000.6223092562377,False,False
161,117,118,0.26971502103443806,294,0.14745033504606417,158,64.697712516764341,0.55605198560718794,0.44394801439281206,1.7983930026039516,4.4000000000000004,5000.4910493259949,False,True
161,118,241,0.23783178560133783,294,0.14745033504606417,158,56.112465904476096,1.9715802439763157,-0.97158024397631571,0.50720735463608801,4.4000000000000004,5000.6165541044102,False,False
161,119,106,0.29087264636183885,294,0.14745033504606417,158,70.683238687948517,0.66666109029348186,0.33333890970651814,1.5000125469446155,4.4000000000000004,5000.7027900268677,False,True
161,120,410,0.30029005383033369,294,0.14745033504606417,158,54.351251448143124,0.41803792428976261,0.58196207571023739,2.3921274647485116,5,5000.5822579756041,False,True
161,121,475,0.32488899911670699,294,0.14745033504606417,158,48.591731360284001,0.38087760017789385,0.61912239982210615,2.6255153874445147,4.4000000000000004,5000.5525474415499,False,True
161,122,133,0.50088988557219327,294,0.14745033504606417,158,54.946964311149479,0.63132570273653421,0.36867429726346579,1.583968458222778,4.4000000000000004,5000.8185896831319,False,True
161,123,288,0.25382381648813734,294,0.14745033504606417,158,80.686279842758651,1.925572070231516,-0.925572070231516,0.51932618646663675,4.4000000000000004,5000.643627501815,False,False
161,124,227,0.34186442658344229,294,0.14745033504606417,158,78.74743162876635,3.8261160120383089,-2.8261160120383089,0.2613616515687574,4.4000000000000004,5000.6376597224771,False,False
161,125,125,0.26717592961364345,294,0.14745033504606417,158,102.2858033791954,0.54676671629600548,0.45323328370399452,1.8289335656244037,4.4000000000000004,5000.7706274541733,False,True
161,126,22,0.21790599982141526,294,0.14745033504606417,158,61.853906210052244,0.67237004808966405,0.32762995191033595,1.487276244444852,4.4000000000000004,5000.7080765277951,False,True
161,127,473,0.24096028121890961,294,0.14745033504606417,158,49.918564567271915,0.46842121989378083,0.53157878010621917,2.1348306983760468,4.4000000000000004,5000.4430563857159,False,True
161,128,329,0.28391352593739433,294,0.14745033504606417,158,175.80046805903004,1.3363371775565216,-0.33633717755652159,0.74831413567980609,4.4000000000000004,5000.8733535720212,False,False
161,129,111,0.26141952101630028,294,0.14745033504606417,158,64.961569886478799,0.40862988019171426,0.59137011980828569,2.4472023424494469,4.4000000000000004,5000.7103017642912,False,True
161,130,242,0.29429640844173743,294,0.14745033504606417,158,165.29201961193178,6.7473189782037082,-5.7473189782037082,0.14820701425712396,4.4000000000000004,5000.6253307103789,False,False
161,131,134,0.29989000701587021,294,0.14745033504606417,158,59.331209571723093,0.48521976901038227,0.51478023098961767,2.0609218005266454,4.4000000000000004,5000.6567905183847,False,True
161,132,407,0.33743525983947026,294,0.14745033504606417,158,47.356709555956073,0.48957945177887086,0.51042054822112914,2.0425693855543421,4.4000000000000004,5000.5488760363005,False,True
161,133,157,0.20896432837558349,294,0.14745033504606417,158,60.346005403490018,0.48437371476693497,0.51562628523306508,2.0645216070016676,4.4000000000000004,5000.695818393523,False,True
161,134,399,0.28962528728641251,294,0.14745033504606417,158,52.024865752197279,0.48627727961398964,0.51372272038601041,2.056439899461902,4.4000000000000004,5000.7045709881613,False,True
161,135,56,0.25476198381539372,294,0.14745033504606417,158,51.048046478944478,0.47306176887572693,0.52693823112427307,2.1138888529854953,4.4000000000000004,5000.2165859107945,False,True
161,136,31,0.25030189577384809,294,0.14745033504606417,158,53.24978785237824,0.5640075982013607,0.4359924017986393,1.7730257592079146,4.4000000000000004,5000.6503859965251,False,True
161,137,486,0.17101366603235063,294,0.14745033504606417,158,34.191366309911857,0.44189579863877271,0.55810420136122729,2.2629769350159608,4.4000000000000004,5000.5471217246895,False,True
161,138,312,0.24101281401715455,294,0.14745033504606417,158,56.05569849188857,0.4885853310307261,0.5114146689692739,2.0467253854928202,4.4000000000000004,5000.6987135619092,False,True
161,139,465,0.38642638971413462,294,0.14745033504606417,158,53.079702604372812,0.4899318237433597,0.51006817625664036,2.041100315467216,4.4000000000000004,5000.6665542482551,False,True
161,140,408,0.30423336370472021,294,0.14745033504606417,158,49.929425612657354,0.40914476704810893,0.59085523295189102,2.4441226688899969,4.4000000000000004,5000.6775230375033,False,True
161,141,236,0.24165029129874027,294,0.14745033504606417,158,65.317103116798634,1.5453432486651648,-0.54534324866516481,0.64710542519519798,4.4000000000000004,5000.6695931569766,False,False
161,142,279,0.19697136710837843,294,0.14745033504606417,158,54.629765608948546,0.93973017137760961,0.060269828622390387,1.0641352490939362,4.4000000000000004,5000.63160092008,False,True
161,143,346,0.30464422183082407,294,0.14745033504606417,158,97.942443058279878,0.59468563712549605,0.40531436287450395,1.6815607063147731,4.4000000000000004,5000.7090349037517,False,True
161,144,187,0.1741866154366539,294,0.14745033504606417,158,69.596347164039216,1.7275858962058763,-0.72758589620587633,0.57884241946880888,4.4000000000000004,5000.6448225511695,False,False
161,145,52,0.22957544481064365,294,0.14745033504606417,158,49.482138425208809,0.64852686715110852,0.35147313284889148,1.541956163501546,4.4000000000000004,5000.7033040989145,False,True
161,146,5,0.161972280152412,294,0.14745033504606417,158,87.823874484822539,0.41954939513706441,0.58045060486293565,2.3835095738209935,4.4000000000000004,5000.0843877554034,False,True
161,147,173,0.16647290468145964,294,0.14745033504606417,158,49.686989898779416,0.50440428229794521,0.49559571770205479,1.9825366974369039,4.4000000000000004,5000.6916063402241,False,True
161,148,335,0.1945055355327347,294,0.14745033504606417,158,65.02676787797418,0.38231054203766313,0.61768945796233687,2.6156746676932743,4.4000000000000004,5000.5933432719667,False,True
161,149,387,0.22540078023207216,294,0.14745033504606417,158,82.527501856377654,1.3991787448361788,-0.39917874483617877,0.71470496796110483,4.4000000000000004,5000.6464055686074,False,False
161,150,277,0.24080554655711897,294,0.14745033504606417,158,54.31585053963115,0.6178644974758033,0.3821355025241967,1.6184778443904067,4.4000000000000004,5000.7125890491379,False,True
161,151,1,0.12210288150854566,294,0.14745033504606417,158,80.116218217076465,0.53584894681842632,0.46415105318157368,1.8661975654472125,4.4000000000000004,5000.6665810776904,False,True
161,152,30,0.13260795049655821,294,0.14745033504606417,158,72.917877312876129,0.44818746167775625,0.55181253832224375,2.2312092271760009,4.4000000000000004,5000.8020621058522,False,True
161,153,309,0.39553983638390178,294,0.14745033504606417,158,78.669517701395279,1.4467409510316414,-0.44674095103164135,0.69120874700264789,4.4000000000000004,5000.7810082242013,False,False
161,154,45,0.38249609354022479,294,0.14745033504606417,158,67.089315213219763,0.55735676327706984,0.44264323672293016,1.7941829468800865,4.4000000000000004,5000.7540597328425,False,True
161,155,46,0.38942283465320016,294,0.14745033504606417,158,47.364281680419296,0.58348956918464134,0.41651043081535866,1.7138266951324999,4.4000000000000004,5000.6842063108843,False,True
161,156,414,0.13847728468428752,294,0.14745033504606417,158,60.247362870120199,0.45930808586077793,0.54069191413922213,2.1771878849594488,4.4000000000000004,5001.0274901493704,False,True
161,157,371,0.37306791521560556,294,0.14745033504606417,158,50.174725675704174,0.49635101528096476,0.5036489847190353,2.0147032426919473,4.4000000000000004,5000.6638581548932,False,True
161,158,102,0.43032419396997029,294,0.14745033504606417,158,51.556314575124631,0.55233829442828453,0.44766170557171547,1.8104846433562642,4.4000000000000004,5000.6850083692871,False,True
161,159,417,0.16254759291937698,294,0.14745033504606417,158,48.036399016362914,0.43140396604369446,0.56859603395630554,2.3180129964283074,4.4000000000000004,5000.6276740788016,False,True
161,160,396,0.22268154477105498,294,0.14745033504606417,158,56.483946808673267,0.56434566204132919,0.43565433795867081,1.7719636514664414,4.4000000000000004,5000.6238962931448,False,True
161,161,219,0.4138024002370328,294,0.14745033504606417,158,47.36870235148448,1.3387927502852639,-0.3387927502852639,0.74694160077198246,4.4000000000000004,5000.6315213924727,False,False
175,1,328,0.90676326878889602,401,0.25991951273492953,158,36.57228900799209,1.0457229878613299,-0.045722987861329889,0.95627619513764284,4.4000000000000004,5000.7323433148131,False,False
175,2,232,0.88422490502675666,401,0.25991951273492953,158,41.482409448710619,0.47717143915390636,0.52282856084609364,2.0956828467628825,4.7999999999999998,5000.7326624624975,False,True
175,3,167,0.86208063117142419,401,0.25991951273492953,158,45.398719641812903,0.52720454253747173,0.47279545746252827,1.89679701010718,4.4000000000000004,5000.7311016428621,False,True
175,4,149,0.8496139235097917,401,0.25991951273492953,158,41.524708800495375,0.35474560505697833,0.64525439494302161,2.818921462999894,4.4000000000000004,5000.7337870097808,False,True
175,5,218,0.81651911222501861,401,0.25991951273492953,158,60.670277995969364,0.63686446472505054,0.36313553527494946,1.5701928045737701,5,5000.7302242896603,False,True
175,6,50,0.79585806435497153,401,0.25991951273492953,158,33.923409994149615,0.35827675421938182,0.64172324578061812,2.7911383817764381,4.4000000000000004,5000.7598467358521,False,True
175,7,282,0.79109814790570709,401,0.25991951273492953,158,59.761671049984216,2.3083846693969918,-1.3083846693969918,0.43320336218539574,4.4000000000000004,5000.7342917058768,False,False
175,8,411,0.78169229901005888,401,0.25991951273492953,158,32.545335417424745,0.36032539062062013,0.63967460937937992,2.7752693149866903,4.4000000000000004,5000.7334789006591,False,True
175,9,423,0.77777291692197137,401,0.25991951273492953,158,32.562710124610796,0.38357343848324599,0.61642656151675401,2.6070626891013955,4.4000000000000004,5000.7516895255058,False,True
175,10,159,0.77356747297146899,401,0.25991951273492953,158,32.516093287657107,0.34477106223573428,0.65522893776426572,2.9004754445321126,4.4000000000000004,5000.732448925447,False,True
175,11,347,0.75571946619536057,401,0.25991951273492953,158,51.106633184124171,0.36280054076519552,0.63719945923480448,2.7563354726287463,4.4000000000000004,5000.7384573803047,False,True
175,12,248,0.73065215596173627,401,0.25991951273492953,158,35.973079827445815,0.38144278871440918,0.61855721128559082,2.6216251285555487,5.2000000000000002,5000.7306653859623,False,True
175,13,172,0.73515003507604626,401,0.25991951273492953,158,42.488573401541501,0.61585952817240341,0.38414047182759659,1.6237469004783514,4.4000000000000004,5000.7317403113757,False,True
175,14,302,0.72543835092744624,401,0.25991951273492953,158,33.048648567289504,0.35638418066503402,0.64361581933496592,2.805960685836113,4.4000000000000004,5000.7322453206998,False,True
175,15,385,0.72108388903941067,401,0.25991951273492953,158,32.485555699322425,0.3360751491004807,0.66392485089951925,2.9755249761148428,4.4000000000000004,5000.7314766443014,False,True
175,16,406,0.72945485068692784,401,0.25991951273492953,158,39.062027630558852,0.31247319959356695,0.68752680040643299,3.2002744596998953,4.4000000000000004,5000.7370607549537,False,True
175,17,136,0.71991271752084995,401,0.25991951273492953,158,54.695353918948967,0.35110640648757807,0.64889359351242193,2.848139428738619,4.4000000000000004,5000.7312781983883,False,True
175,18,318,0.72135965885028319,401,0.25991951273492953,158,32.998919373631772,0.36869669846356073,0.63130330153643932,2.7122564540643226,4.4000000000000004,5000.7315085456376,False,True
175,19,331,0.70788772307048586,401,0.25991951273492953,158,59.811501638639079,0.36405419227598945,0.63594580772401055,2.7468437974802939,4.4000000000000004,5000.7315128154223,False,True
175,20,153,0.73023626588030188,401,0.25991951273492953,158,32.446737371653192,0.36074349217748636,0.63925650782251364,2.7720527790089653,4.4000000000000004,5000.7308169920088,False,True
175,21,267,0.65547482902372112,401,0.25991951273492953,158,51.820159793882105,1.2058338838312457,-0.20583388383124568,0.82930162554624998,4.4000000000000004,5000.7360581966259,False,False
175,22,68,0.6626734207772953,401,0.25991951273492953,158,32.460938082307031,0.31376365352963126,0.68623634647036869,3.187112301729881,4.4000000000000004,5000.731229758876,False,True
175,23,451,0.66418404151521904,401,0.25991951273492953,158,32.478217000990668,0.33749143778119201,0.66250856221880805,2.9630381338691514,4.4000000000000004,5000.7480246004616,False,True
175,24,303,0.6520781226680904,401,0.25991951273492953,158,36.438177265090722,0.52228703531066933,0.47771296468933067,1.9146559887422345,4.4000000000000004,5000.7326004580391,False,True
175,25,352,0.67795609218283048,401,0.25991951273492953,158,37.772413632550844,0.35449288288277503,0.64550711711722497,2.820931105493262,4.4000000000000004,5000.7320678014439,False,True
175,26,280,0.66144555652656434,401,0.25991951273492953,158,57.84036078862745,0.43313647592735549,0.56686352407264451,2.3087411372107978,4.7999999999999998,5000.7305748863973,False,True
175,27,92,0.63536239920409032,401,0.25991951273492953,158,36.086188178881343,0.40223661086725038,0.59776338913274962,2.4860989103998508,4.4000000000000004,5000.7337411556882,False,True
175,28,383,0.62283645627809392,401,0.25991951273492953,158,58.728933765260955,0.34046200209044031,0.65953799790955969,2.9371853359846014,4.4000000000000004,5000.7320646648805,False,True
175,29,314,0.68623890887944272,401,0.25991951273492953,158,32.479245093851361,0.82254074240043884,0.17745925759956116,1.2157452493862833,4.4000000000000004,5000.7314946235319,False,True
175,30,44,0.62227955504037946,401,0.25991951273492953,158,45.872843393785764,0.3778063354341662,0.6221936645658338,2.6468587374291208,4.4000000000000004,5000.7295292224417,False,True
175,31,453,0.67478536663399136,401,0.25991951273492953,158,33.46864502981132,0.35143619864837122,0.64856380135162883,2.8454666987806454,4.4000000000000004,5000.7546052765065,False,True
175,32,257,0.63971128827995449,401,0.25991951273492953,158,32.573905638563417,0.35417065575588863,0.64582934424411143,2.8234976098337405,4.4000000000000004,5000.7304562926702,False,True
175,33,300,0.6012433924437548,401,0.25991951273492953,158,34.592760228846117,0.433739936338984,0.566260063661016,2.3055289961090013,4.4000000000000004,5000.7284219046387,False,True
175,34,367,0.59618496728790582,401,0.25991951273492953,158,32.445828970890396,0.36621859130542067,0.63378140869457933,2.7306095969497499,4.4000000000000004,5000.7339215758857,False,True
175,35,122,0.60447251966423232,401,0.25991951273492953,158,55.790129157461308,0.35206834907532436,0.64793165092467564,2.8403575687118976,4.4000000000000004,5000.7319228258048,False,True
175,36,326,0.65759395188836822,401,0.25991951273492953,158,42.417213373990634,0.53284802933988951,0.46715197066011049,1.8767077007657031,4.4000000000000004,5000.7340508212055,False,True
175,37,390,0.58940006681541912,401,0.25991951273492953,158,34.392632040080741,0.36585837351340256,0.63414162648659744,2.7332981076716201,4.4000000000000004,5000.732848400884,False,True
175,38,324,0.63664849470743801,401,0.25991951273492953,158,32.487271198171442,0.7263367831633466,0.2736632168366534,1.3767717995015942,4.4000000000000004,5000.7330102551141,False,True
175,39,230,0.63700278567523083,401,0.25991951273492953,158,32.750818337815481,0.35456703316369081,0.64543296683630924,2.8203411667388041,4.4000000000000004,5000.7293357586668,False,True
175,40,360,0.55414309638099724,401,0.25991951273492953,158,32.437097159743942,0.35978793104062862,0.64021206895937133,2.7794150768416861,4.4000000000000004,5000.7368973195225,False,True
175,41,474,0.60996443809422285,401,0.25991951273492953,158,33.023117978154964,0.39500661629801453,0.60499338370198541,2.5316031649595092,4.4000000000000004,5000.7437530643983,False,True
175,42,126,0.55210907391120034,401,0.25991951273492953,158,33.813456513501166,0.35682429124672738,0.64317570875327257,2.8024997863963992,4.4000000000000004,5000.7267679471306,False,True
175,43,363,0.5767265188681262,401,0.25991951273492953,158,34.984172840154201,0.38187445081359117,0.61812554918640883,2.618661703786362,4.4000000000000004,5000.7318007745598,False,True
175,44,386,0.53685349040101715,401,0.25991951273492953,158,32.542366748573016,0.35345132250748679,0.64654867749251321,2.829243905230594,4.4000000000000004,5000.7273115971166,False,True
175,45,307,0.63019010852623514,401,0.25991951273492953,158,34.213230188466241,0.71599411062180318,0.28400588937819682,1.3966595327600568,4.4000000000000004,5000.7323373189884,False,True
175,46,203,0.50932814156000727,401,0.25991951273492953,158,49.517607667147431,1.0291201803682777,-0.029120180368277682,0.97170380979424886,4.4000000000000004,5000.7312312475751,False,False
175,47,479,0.51786587625138836,401,0.25991951273492953,158,51.222679744530673,0.46943745095801148,0.53056254904198852,2.1302092493030438,4.7999999999999998,5000.742918914234,False,True
175,48,205,0.51885851262194937,401,0.25991951273492953,158,46.485341781133549,0.32674968206406213,0.67325031793593793,3.0604467422372008,4.4000000000000004,5000.7290480315532,False,True
175,49,105,0.5249935785947788,401,0.25991951273492953,158,39.286087733667109,0.33833825847168275,0.66166174152831725,2.9556219994662385,4.4000000000000004,5000.7323772940445,False,True
175,50,426,0.50567769776285765,401,0.25991951273492953,158,43.843831803202796,0.35418741476387661,0.64581258523612339,2.8233640110184668,4.4000000000000004,5000.7316043067922,False,True
175,51,270,0.54108642967420739,401,0.25991951273492953,158,32.884221753207406,0.56883225913039226,0.43116774086960774,1.7579874979818471,5.2000000000000002,5000.7334741767982,False,True
175,52,146,0.49847674691931976,401,0.25991951273492953,158,33.001500156610327,0.46287757795031126,0.53712242204968874,2.1603984458010355,4.4000000000000004,5000.7328676750694,False,True
175,53,306,0.49089592879440691,401,0.25991951273492953,158,41.967333172837684,0.31772434664923865,0.68227565335076135,3.1473823474534677,4.4000000000000004,5000.7339597860555,False,True
175,54,85,0.46952439417663394,401,0.25991951273492953,158,32.440616526412541,0.37062781469455436,0.6293721853054457,2.6981245345121505,4.4000000000000004,5000.745966238891,False,True
175,55,179,0.47657449744549424,401,0.25991951273492953,158,43.19127911198607,0.35480876601657646,0.6451912339834236,2.8184196552609428,4.4000000000000004,5000.7312358420068,False,True
175,56,330,0.45466626388691328,401,0.25991951273492953,158,48.085804996314387,0.47922055674418451,0.52077944325581549,2.0867218359620909,4.4000000000000004,5000.7375365316457,False,True
175,57,243,0.51292494528280308,401,0.25991951273492953,158,32.832491776533523,0.35733327742055182,0.64266672257944824,2.7985079005756366,4.4000000000000004,5000.7327424496043,False,True
175,58,123,0.46698907596130906,401,0.25991951273492953,158,43.95230422503581,0.35395492753326108,0.64604507246673892,2.8252184733493508,4.4000000000000004,5000.7317333250394,False,True
175,59,381,0.48799627191402262,401,0.25991951273492953,158,32.772309215889948,0.35787873373333112,0.64212126626666888,2.7942425904109114,4.4000000000000004,5000.7312315622812,False,True
175,60,376,0.480821844463373,401,0.25991951273492953,158,32.453405768933791,0.3519904696063757,0.6480095303936243,2.8409860105538685,4.4000000000000004,5000.7308217466552,False,True
175,61,275,0.61131065765306691,401,0.25991951273492953,158,36.876540273608789,0.51309793790247993,0.48690206209752007,1.9489456615007119,4.4000000000000004,5000.727163518909,False,True
175,62,110,0.59571425816255896,401,0.25991951273492953,158,57.872880788862659,0.37638263808896022,0.62361736191103978,2.6568706916912683,4.4000000000000004,5000.732033624402,False,True
175,63,43,0.43178903945398833,401,0.25991951273492953,158,40.808789124097558,0.42981667831975917,0.57018332168024077,2.3265732821471783,4.4000000000000004,5000.7419580105498,False,True
175,64,2,0.43436416673460998,401,0.25991951273492953,158,50.534780574191174,0.4109615316346612,0.5890384683653388,2.4333177755649045,4.4000000000000004,5000.7303097533904,False,True
175,65,304,0.45542778178538401,401,0.25991951273492953,158,41.304710107542014,0.35005778558475242,0.64994221441524758,2.8566712159524021,4.7999999999999998,5000.7301449161423,False,True
175,66,58,0.51678418289171013,401,0.25991951273492953,158,32.541884424558809,0.34235910940903092,0.65764089059096908,2.9209095727762793,4.4000000000000004,5000.7317990949914,False,True
175,67,450,0.41257858305632389,401,0.25991951273492953,158,32.780016365359025,0.35886356471144476,0.64113643528855524,2.7865743372528793,4.4000000000000004,5000.738046544323,False,True
175,68,261,0.45747074011551525,401,0.25991951273492953,158,33.701132089677088,0.44120297995792157,0.55879702004207843,2.2665304755996254,5.2000000000000002,5000.7327950522231,False,True
175,69,152,0.42233046225079329,401,0.25991951273492953,158,32.845710095906348,0.36514435686614966,0.63485564313385034,2.7386428988866127,4.4000000000000004,5000.7331257518335,False,True
175,70,162,0.4929244804011631,401,0.25991951273492953,158,54.314347668948386,0.5327691968817142,0.4672308031182858,1.8769853922730084,4.4000000000000004,5000.7340922489539,False,True
175,71,290,0.45773545009686833,401,0.25991951273492953,158,33.570431897186396,0.36057661279777958,0.63942338720222036,2.7733357198094959,4.4000000000000004,5000.728703085033,False,True
175,72,372,0.48842680105863678,401,0.25991951273492953,158,32.463863140464163,0.35894330265836771,0.64105669734163229,2.7859553099163747,4.4000000000000004,5000.7313805858921,False,True
175,73,191,0.4768459363275786,401,0.25991951273492953,158,35.152254121648205,0.38302977752746392,0.61697022247253608,2.6107630755373794,4.4000000000000004,5000.7321302674245,False,True
175,74,142,0.43058006533907045,401,0.25991951273492953,158,32.436538742874838,0.38805822594424855,0.61194177405575145,2.5769328753867669,4.4000000000000004,5000.7310667504044,False,True
175,75,439,0.42182911035462051,401,0.25991951273492953,158,32.8850957968789,0.37258076313486771,0.62741923686513235,2.6839818341292556,4.4000000000000004,5000.7266633452082,False,True
175,76,100,0.4057359827658763,401,0.25991951273492953,158,33.452269333063533,0.38550766816601628,0.61449233183398366,2.593982124291641,4.4000000000000004,5000.729433294694,False,True
175,77,81,0.39507117559251181,401,0.25991951273492953,158,32.443770665831593,0.33915336410122571,0.66084663589877435,2.9485185932035578,4.4000000000000004,5000.7315055379195,False,True
175,78,446,0.41668504159824571,401,0.25991951273492953,158,33.342654467283353,0.36031967753389083,0.63968032246610917,2.775313318562632,4.4000000000000004,5000.7405174849746,False,True
175,79,420,0.38872418364568528,401,0.25991951273492953,158,32.715627576777727,0.36183024397017294,0.63816975602982706,2.763726959436906,4.4000000000000004,5000.7285057734916,False,True
175,80,165,0.40132478858271964,401,0.25991951273492953,158,32.473609348436902,0.43713747118177609,0.56286252881822385,2.2876098845897546,4.4000000000000004,5000.7336394928552,False,True
175,81,384,0.44089145809987257,401,0.25991951273492953,158,33.051302416300835,0.34414785824360322,0.65585214175639672,2.9057278028798752,4.4000000000000004,5000.7346147740645,False,True
175,82,25,0.3623482454816585,401,0.25991951273492953,158,31.676069551232981,0.41010777089146339,0.58989222910853667,2.4383834469321819,4.4000000000000004,5000.7217078165158,False,True
175,83,69,0.47317552505479593,401,0.25991951273492953,158,33.703090571803322,0.37511651656139122,0.62488348343860878,2.665838361815617,4.7999999999999998,5000.7279296985971,False,True
175,84,355,0.39461595422468693,401,0.25991951273492953,158,32.486343630735227,0.35239693434072566,0.64760306565927439,2.8377091357812998,4.4000000000000004,5000.7316797956255,False,True
175,85,211,0.40721267083973695,401,0.25991951273492953,158,39.920207064542936,0.37684748963239595,0.62315251036760411,2.6535933700274126,4.4000000000000004,5000.7287750198948,False,True
175,86,374,0.36860380757171796,401,0.25991951273492953,158,32.453197935761814,0.34990798672834783,0.65009201327165211,2.8578941834110037,4.4000000000000004,5000.7317054497189,False,True
175,87,161,0.41782355051475978,401,0.25991951273492953,158,32.524664092096813,0.37301460216989685,0.62698539783010321,2.6808601973831854,4.4000000000000004,5000.7314664474234,False,True
175,88,103,0.37831562827083759,401,0.25991951273492953,158,32.629433008017301,0.37589084027425862,0.62410915972574132,2.6603468157680483,4.4000000000000004,5000.7312840541999,False,True
175,89,54,0.41799668176638854,401,0.25991951273492953,158,37.515961425012563,0.34475225195675263,0.65524774804324737,2.9006336994876101,4.4000000000000004,5000.7315936098212,False,True
175,90,459,0.44834342961544754,401,0.25991951273492953,158,32.482344758098534,0.40942609519903156,0.59057390480096839,2.4424432436673991,4.4000000000000004,5000.7414506793702,False,True
175,91,26,0.40013503884456553,401,0.25991951273492953,158,32.840066682994355,0.37005677551698457,0.62994322448301543,2.7022880437818193,4.4000000000000004,5000.7328974487573,False,True
175,92,305,0.45640946963046564,401,0.25991951273492953,158,40.653123846589324,0.33163750791955671,0.66836249208044329,3.0153404730159892,4.4000000000000004,5000.7335938636688,False,True
175,93,215,0.43196408667677921,401,0.25991951273492953,158,41.131648586823772,0.59190489286002257,0.40809510713997743,1.6894606077136896,4.4000000000000004,5000.7243713613934,False,True
175,94,59,0.35811828347346725,401,0.25991951273492953,158,33.100303019121128,0.41255851381021469,0.58744148618978531,2.4238985902010022,4.4000000000000004,5000.7321780435695,False,True
175,95,135,0.46820265623074342,401,0.25991951273492953,158,42.212697964058677,0.43751460550102894,0.56248539449897106,2.2856379819705199,4.4000000000000004,5000.737381624931,False,True
175,96,73,0.328874070733289,401,0.25991951273492953,158,32.849356321211076,0.35831068572240599,0.64168931427759401,2.7908740650138744,4.4000000000000004,5000.7255208358074,False,True
175,97,273,0.43632332026752302,401,0.25991951273492953,158,32.46775526201256,0.46407016500474896,0.53592983499525104,2.1548465628894,5.5999999999999996,5000.7217979528023,False,True
175,98,452,0.3538321027586645,401,0.25991951273492953,158,32.933833723860111,0.4384841125650496,0.5615158874349504,2.2805843389631337,4.7999999999999998,5000.7289587509567,False,True
175,99,47,0.3494316344719004,401,0.25991951273492953,158,32.984113322149057,0.40971428389453252,0.59028571610546754,2.4407252549130485,4.4000000000000004,5000.7329467078152,False,True
175,100,169,0.33967409093551715,401,0.25991951273492953,158,44.163841627396984,0.34501083916765946,0.6549891608323406,2.8984596611877631,4.4000000000000004,5000.7303564214762,False,True
175,101,83,0.33123140426658215,401,0.25991951273492953,158,32.847578086504974,0.37363591512603772,0.62636408487396222,2.6764022394974325,4.4000000000000004,5000.7330509429612,False,True
175,102,186,0.35492655643459309,401,0.25991951273492953,158,33.262738760486549,0.35870399232579897,0.64129600767420103,2.7878139674891966,4.4000000000000004,5000.7347645179489,False,True
175,103,412,0.33873420987063896,401,0.25991951273492953,158,35.224921276510472,0.34521116253401229,0.65478883746598771,2.8967777074748384,4.4000000000000004,5000.7316301909132,False,True
175,104,441,0.30655533665932944,401,0.25991951273492953,158,33.123865222466101,0.35279762000619824,0.64720237999380181,2.8344862416657777,4.4000000000000004,5000.7318247227768,False,True
175,105,388,0.37021908629929229,401,0.25991951273492953,158,32.519957999572263,0.3270479059349084,0.6729520940650916,3.0576560248608584,4.4000000000000004,5000.7300870646268,False,True
175,106,394,0.49623180251569293,401,0.25991951273492953,158,34.490916218453052,0.29475145448951284,0.7052485455104871,3.3926889410331293,4.4000000000000004,5000.7316785048924,False,True
175,107,283,0.31614023452503065,401,0.25991951273492953,158,32.979705480506688,0.37479875879115809,0.62520124120884191,2.6680984836377508,4.7999999999999998,5000.7278847915213,False,True
175,108,224,0.31407152759038187,401,0.25991951273492953,158,32.585106955684026,0.5512092902554997,0.4487907097445003,1.8141929348405472,4.7999999999999998,5000.7307171450875,False,True
175,109,351,0.27722263573446948,401,0.25991951273492953,158,32.436746441941665,0.3458721157856256,0.6541278842143744,2.8912420353070853,4.4000000000000004,5000.7375520025053,False,True
175,110,353,0.33187939745072076,401,0.25991951273492953,158,33.647852299774911,0.51499064492580804,0.48500935507419196,1.9417828456749242,4.4000000000000004,5000.7309047848412,False,True
175,111,258,0.30005079915659916,401,0.25991951273492953,158,33.532248199481828,0.45421461177598765,0.54578538822401235,2.2016024453506269,4.4000000000000004,5000.7321100922745,False,True
175,112,443,0.35555148165657524,401,0.25991951273492953,158,32.672173888043069,0.37595576080897741,0.62404423919102259,2.6598874235846557,4.4000000000000004,5000.7519145813631,False,True
175,113,281,0.2786621877968139,401,0.25991951273492953,158,33.763042266071167,0.34807777812279461,0.65192222187720539,2.8729211195068616,4.4000000000000004,5000.731324760819,False,True
175,114,354,0.3466969257459126,401,0.25991951273492953,158,32.451385888428455,0.35352046485720573,0.64647953514279433,2.8286905551674946,4.4000000000000004,5000.7330405205375,False,True
175,115,63,0.36466403967726718,401,0.25991951273492953,158,33.336848876691271,0.3536747118330974,0.6463252881669026,2.8274568877627586,4.4000000000000004,5000.7317700474923,False,True
175,116,323,0.27057132301225667,401,0.25991951273492953,158,32.594869515836812,0.42919652567833239,0.57080347432166767,2.3299349835591743,4.4000000000000004,5000.7331116625783,False,True
175,117,118,0.26971502103443806,401,0.25991951273492953,158,33.021841603826751,0.35034040020006874,0.64965959979993126,2.8543667799344021,4.4000000000000004,5000.7339706402618,False,True
175,118,241,0.23783178560133783,401,0.25991951273492953,158,41.798346201018674,1.2834768708915334,-0.28347687089153339,0.77913363511208145,5.5999999999999996,5000.7273671481644,False,False
175,119,106,0.29087264636183885,401,0.25991951273492953,158,32.968937928815961,0.3382307637959388,0.66176923620406125,2.9565613392970942,4.4000000000000004,5000.7332150856364,False,True
175,120,410,0.30029005383033369,401,0.25991951273492953,158,32.859122674055364,0.36147672257396229,0.63852327742603765,2.7664298627012931,4.4000000000000004,5000.7243679949934,False,True
175,121,475,0.32488899911670699,401,0.25991951273492953,158,32.588438063423894,0.32942341936792741,0.67057658063207259,3.0356068852625109,4.4000000000000004,5000.7299481852924,False,True
175,122,133,0.50088988557219327,401,0.25991951273492953,158,32.469092117306332,0.3492662675128903,0.65073373248710964,2.8631450930573856,4.4000000000000004,5000.7357807031431,False,True
175,123,288,0.25382381648813734,401,0.25991951273492953,158,32.460204619674172,0.37426699963583659,0.62573300036416346,2.6718893222565825,4.4000000000000004,5000.731197501992,False,True
175,124,227,0.34186442658344229,401,0.25991951273492953,158,35.044231161809883,0.68810207400446954,0.31189792599553046,1.4532727596363917,4.4000000000000004,5000.7321305118612,False,True
175,125,125,0.26717592961364345,401,0.25991951273492953,158,37.513904380261515,0.40605944010783029,0.59394055989216965,2.462693638484176,4.4000000000000004,5000.7414024376476,False,True
175,126,22,0.21790599982141526,401,0.25991951273492953,158,36.828608116287825,0.33789056651946225,0.66210943348053775,2.9595380844774213,4.7999999999999998,5000.7420487401268,False,True
175,127,473,0.24096028121890961,401,0.25991951273492953,158,32.806441104580742,0.37977250459233125,0.62022749540766875,2.6331553440748827,4.4000000000000004,5000.7225951723458,False,True
175,128,329,0.28391352593739433,401,0.25991951273492953,158,32.451066626925446,0.35352383374870255,0.64647616625129745,2.8286635992718838,4.4000000000000004,5000.7313413831616,False,True
175,129,111,0.26141952101630028,401,0.25991951273492953,158,32.4559838894221,0.36285860566407629,0.63714139433592365,2.7558944018149325,4.4000000000000004,5000.7424471037448,False,True
175,130,242,0.29429640844173743,401,0.25991951273492953,158,33.256443916119942,0.35010317849241446,0.64989682150758554,2.8563008319607888,4.4000000000000004,5000.7340454532186,False,True
175,131,134,0.29989000701587021,401,0.25991951273492953,158,35.417809582287852,0.35493147691594085,0.64506852308405915,2.8174452395407918,4.4000000000000004,5000.7309729038434,False,True
175,132,407,0.33743525983947026,401,0.25991951273492953,158,32.691008280410969,0.34786457438224777,0.65213542561775228,2.8746819125685366,4.4000000000000004,5000.7261130149955,False,True
175,133,157,0.20896432837558349,401,0.25991951273492953,158,33.252868038259919,0.35896105154524677,0.64103894845475318,2.7858175579083704,4.4000000000000004,5000.7317390232129,False,True
175,134,399,0.28962528728641251,401,0.25991951273492953,158,32.914672186295519,0.32733230817390774,0.67266769182609232,3.0549993845053387,4.4000000000000004,5000.7346021089079,False,True
175,135,56,0.25476198381539372,401,0.25991951273492953,158,32.871496121017245,0.35216520894032388,0.64783479105967612,2.8395763539761103,4.4000000000000004,5000.7201384090831,False,True
175,136,31,0.25030189577384809,401,0.25991951273492953,158,33.35433599059747,0.39062949243576883,0.60937050756423117,2.5599705587115391,4.4000000000000004,5000.7318466524457,False,True
175,137,486,0.17101366603235063,401,0.25991951273492953,158,23.544401893695376,0.45326776913993383,0.54673223086006617,2.2062014290084626,4.4000000000000004,5000.7235345330755,False,True
175,138,312,0.24101281401715455,401,0.25991951273492953,158,32.798868002513366,0.37040807972344597,0.62959192027655408,2.6997251268023632,4.4000000000000004,5000.7374932088887,False,True
175,139,465,0.38642638971413462,401,0.25991951273492953,158,34.896169716287581,0.3263526747280564,0.6736473252719436,3.0641697692022332,4.4000000000000004,5000.7312752201415,False,True
175,140,408,0.30423336370472021,401,0.25991951273492953,158,32.769830790687088,0.35354370331854429,0.64645629668145577,2.8285046250675152,4.4000000000000004,5000.7315704078155,False,True
175,141,236,0.24165029129874027,401,0.25991951273492953,158,45.985884562948257,0.46887513314050011,0.53112486685949989,2.1327639904937046,5.5999999999999996,5000.7299472561572,False,True
175,142,279,0.19697136710837843,401,0.25991951273492953,158,34.460709140502374,0.42894259476620533,0.57105740523379467,2.331314288209239,5.7999999999999998,5000.7256228483975,False,True
175,143,346,0.30464422183082407,401,0.25991951273492953,158,32.662436861749221,0.38531737012899681,0.61468262987100319,2.5952632233143795,4.4000000000000004,5000.7346934009929,False,True
175,144,187,0.1741866154366539,401,0.25991951273492953,158,45.158881014207381,1.3351835801047347,-0.3351835801047347,0.74896067844210445,4.4000000000000004,5000.7293146349411,False,False
175,145,52,0.22957544481064365,401,0.25991951273492953,158,32.438949790361725,0.40971326097826477,0.59028673902173523,2.4407313485834421,4.7999999999999998,5000.7370290220797,False,True
175,146,5,0.161972280152412,401,0.25991951273492953,158,33.135850939790664,0.35282815691263442,0.64717184308736564,2.8342409198583747,4.4000000000000004,5000.7250139121388,False,True
175,147,173,0.16647290468145964,401,0.25991951273492953,158,32.693761943769687,0.36227574608590934,0.6377242539140906,2.760328315666106,4.4000000000000004,5000.7323545966146,False,True
175,148,335,0.1945055355327347,401,0.25991951273492953,158,32.44752712844096,0.33388949046302868,0.66611050953697126,2.9950029233122244,4.4000000000000004,5000.7322348391826,False,True
175,149,387,0.22540078023207216,401,0.25991951273492953,158,32.530360185305426,0.35381884468775077,0.64618115531224918,2.8263050852548899,4.4000000000000004,5000.7306944743586,False,True
175,150,277,0.24080554655711897,401,0.25991951273492953,158,33.399878776318189,0.36909230810391952,0.63090769189608054,2.709349336314117,4.4000000000000004,5000.7361736879839,False,True
175,151,1,0.12210288150854566,401,0.25991951273492953,158,38.671327375796487,0.33297365927464284,0.66702634072535716,3.0032405631677355,4.7999999999999998,5000.7297766315705,False,True
175,152,30,0.13260795049655821,401,0.25991951273492953,158,35.169998603396678,0.36611431851856008,0.63388568148143998,2.7313873001372526,4.4000000000000004,5000.7432753039047,False,True
175,153,309,0.39553983638390178,401,0.25991951273492953,158,33.609043734458076,0.82622345852772705,0.17377654147227295,1.2103263223510148,4.4000000000000004,5000.732188701536,False,True
175,154,45,0.38249609354022479,401,0.25991951273492953,158,32.531634980151146,0.3684276730590435,0.63157232694095655,2.7142369401761575,4.4000000000000004,5000.7368367488561,False,True
175,155,46,0.38942283465320016,401,0.25991951273492953,158,32.954748283053767,0.37319038328331366,0.62680961671668634,2.6795974515796499,4.4000000000000004,5000.7322582877123,False,True
175,156,414,0.13847728468428752,401,0.25991951273492953,158,32.436837438331253,0.44599130909736573,0.55400869090263427,2.2421961585392394,4.7999999999999998,5000.7392772298917,False,True
175,157,371,0.37306791521560556,401,0.25991951273492953,158,32.839016052399359,0.35209400508729516,0.64790599491270484,2.8401506005535895,4.4000000000000004,5000.7300184112819,False,True
175,158,102,0.43032419396997029,401,0.25991951273492953,158,32.484743564431348,0.36673933909816703,0.63326066090183297,2.7267322956382509,4.4000000000000004,5000.7307359405713,False,True
175,159,417,0.16254759291937698,401,0.25991951273492953,158,33.991131370526901,0.35407640090086756,0.64592359909913244,2.8242492226415696,4.4000000000000004,5000.7304883714196,False,True
175,160,396,0.22268154477105498,401,0.25991951273492953,158,32.476921473782056,0.35014012111600151,0.64985987888399843,2.8559994690488488,4.4000000000000004,5000.7323327139557,False,True
175,161,219,0.4138024002370328,401,0.25991951273492953,158,32.560373944936387,0.37970374555520892,0.62029625444479108,2.6336321716757993,4.7999999999999998,5000.7293125023725,False,True
175,162,294,0.14745033504606417,401,0.25991951273492953,158,35.457331425219976,0.40176572685659551,0.59823427314340449,2.4890127085353293,4.7999999999999998,5000.7365848052796,False,True
175,163,49,0.42540629299445648,401,0.25991951273492953,158,32.658424046636007,0.37409512314939231,0.62590487685060769,2.6731169109645325,4.4000000000000004,5000.6564155341739,False,True
175,164,250,0.32121750678160765,401,0.25991951273492953,158,32.637970620729803,0.67735581574576942,0.32264418425423058,1.4763289496510767,4.4000000000000004,5000.7323809934296,False,True
175,165,51,0.36572107098096568,401,0.25991951273492953,158,32.503245713934106,0.36740745910646649,0.63259254089353356,2.7217738105589802,4.4000000000000004,5000.7321086976135,False,True
175,166,168,0.67107166692715081,401,0.25991951273492953,158,32.460542600925258,0.37697110142840345,0.6230288985715966,2.6527232358417954,4.4000000000000004,5000.7321293439227,False,True
175,167,139,0.21310609977177403,401,0.25991951273492953,158,33.291218703411545,0.3580273726964342,0.64197262730356575,2.7930825301670001,4.4000000000000004,5000.7318636841737,False,True
175,168,342,0.31200702049550788,401,0.25991951273492953,158,32.56648718197831,0.37414363310163712,0.62585636689836288,2.6727703254229835,4.4000000000000004,5000.736141661635,False,True
175,169,202,0.37829053469478946,401,0.25991951273492953,158,37.321195693068759,0.45916116643555321,0.54083883356444673,2.1778845274807397,4.4000000000000004,5000.7301445115208,False,True
175,170,96,0.39699917925503431,401,0.25991951273492953,158,32.436339592075882,0.3374229279895487,0.66257707201045135,2.9636397442173044,4.4000000000000004,5000.7315957881247,False,True
175,171,292,0.57855437554218958,401,0.25991951273492953,158,33.984505876707473,0.34120379613010787,0.65879620386989213,2.9307997488359709,4.4000000000000004,5000.7316730676348,False,True
175,172,198,0.31482455088247757,401,0.25991951273492953,158,34.261380554571438,0.34934715213774403,0.65065284786225597,2.8624821867896899,4.4000000000000004,5000.7324728801414,False,True
175,173,375,0.36610861840810893,401,0.25991951273492953,158,32.469422665228734,0.35453128140185586,0.64546871859814414,2.820625576524276,4.4000000000000004,5000.7293364077696,False,True
175,174,244,0.42604489388449329,401,0.25991951273492953,158,33.04711039199173,0.33739234048767852,0.66260765951232148,2.9639084235124176,4.4000000000000004,5000.7322427125428,False,True
175,175,321,0.47234225191860801,401,0.25991951273492953,158,32.45717732669187,0.35293912365302793,0.64706087634697207,2.8333498129923766,4.4000000000000004,5000.7309647018401,False,True
180,1,328,0.90676326878889602,163,0.60805967736390421,158,32.51843818834881,0.83083881044658636,0.16916118955341364,1.2036028979706512,4.4000000000000004,5000.7314790608471,False,True
180,2,232,0.88422490502675666,163,0.60805967736390421,158,41.359514016035142,0.3178876244303121,0.68211237556968785,3.1457657459679491,4.4000000000000004,5000.7319127596666,False,True
180,3,167,0.86208063117142419,163,0.60805967736390421,158,38.228074593270435,0.32158018364308044,0.6784198163569195,3.1096443464622587,4.4000000000000004,5000.7310719205134,False,True
180,4,149,0.8496139235097917,163,0.60805967736390421,158,36.588714104870569,0.32011282049753165,0.67988717950246835,3.1238986256338048,4.4000000000000004,5000.7321540991597,False,True
180,5,218,0.81651911222501861,163,0.60805967736390421,158,59.980695767431428,0.32702823579990775,0.6729717642000923,3.0578399371357343,4.4000000000000004,5000.7298841792208,False,True
180,6,50,0.79585806435497153,163,0.60805967736390421,158,31.786462731794881,0.33133819455458446,0.66866180544541554,3.0180643717947842,4.4000000000000004,5000.7626495671493,False,True
180,7,282,0.79109814790570709,163,0.60805967736390421,158,53.144059647663383,2.7987803015053809,-1.7987803015053809,0.35729849872893904,4.4000000000000004,5000.7321775549217,False,False
180,8,411,0.78169229901005888,163,0.60805967736390421,158,31.85479257182347,0.34113535725334682,0.65886464274665313,2.931387728470908,4.4000000000000004,5000.7311373612702,False,True
180,9,423,0.77777291692197137,163,0.60805967736390421,158,31.715981750793379,0.36228849577713768,0.63771150422286227,2.7602311739292751,4.4000000000000004,5000.7533186260471,False,True
180,10,159,0.77356747297146899,163,0.60805967736390421,158,32.095228500230526,0.33168727756277999,0.66831272243722006,3.0148880214759681,4.4000000000000004,5000.7307648641145,False,True
180,11,347,0.75571946619536057,163,0.60805967736390421,158,49.32631966107045,0.31826797872736345,0.68173202127263655,3.1420063180676614,4.4000000000000004,5000.7368393135794,False,True
180,12,248,0.73065215596173627,163,0.60805967736390421,158,35.386091561705577,0.39833354673572785,0.60166645326427215,2.5104589060972171,5.2000000000000002,5000.7296653873727,False,True
180,13,172,0.73515003507604626,163,0.60805967736390421,158,37.938398727420442,0.30350135476473755,0.69649864523526239,3.2948782082872778,4.4000000000000004,5000.7316115750891,False,True
180,14,302,0.72543835092744624,163,0.60805967736390421,158,31.840413920183071,0.32711014588358339,0.67288985411641655,3.0570742380943887,4.4000000000000004,5000.7315317976982,False,True
180,15,385,0.72108388903941067,163,0.60805967736390421,158,31.696121927112241,0.30491431174252126,0.69508568825747874,3.2796099149469566,4.4000000000000004,5000.7306101272679,False,True
180,16,406,0.72945485068692784,163,0.60805967736390421,158,36.929624009979285,0.29251374088062376,0.70748625911937624,3.4186428199559513,4.4000000000000004,5000.7347480073749,False,True
180,17,136,0.71991271752084995,163,0.60805967736390421,158,53.036715281150649,0.31791693156444495,0.682083068435555,3.1454757539306772,4.4000000000000004,5000.7294499581303,False,True
180,18,318,0.72135965885028319,163,0.60805967736390421,158,31.692990678515596,0.38405992167862091,0.61594007832137909,2.6037603601783634,4.4000000000000004,5000.7298543950228,False,True
180,19,331,0.70788772307048586,163,0.60805967736390421,158,53.539700016388608,0.31505439942361202,0.68494560057638798,3.1740550261462377,4.4000000000000004,5000.7308469450318,False,True
180,20,153,0.73023626588030188,163,0.60805967736390421,158,31.753868162279577,0.32818318915515787,0.67181681084484213,3.0470786836288002,4.4000000000000004,5000.7295874175261,False,True
180,21,267,0.65547482902372112,163,0.60805967736390421,158,47.095173950391448,1.6156968832795309,-0.61569688327953087,0.61892797488734808,4.4000000000000004,5000.7309487491993,False,False
180,22,68,0.6626734207772953,163,0.60805967736390421,158,31.691599756043313,0.28912300114469452,0.71087699885530542,3.458735541761826,4.4000000000000004,5000.7313610999599,False,True
180,23,451,0.66418404151521904,163,0.60805967736390421,158,31.701646430316835,0.33189289894477036,0.66810710105522964,3.013020173614525,4.4000000000000004,5000.7478655580053,False,True
180,24,303,0.6520781226680904,163,0.60805967736390421,158,33.60263791967062,0.31145094567907666,0.68854905432092339,3.2107784993865898,4.4000000000000004,5000.730316208932,False,True
180,25,352,0.67795609218283048,163,0.60805967736390421,158,36.205875354679321,0.3277340408444579,0.6722659591555421,3.0512546009054904,4.4000000000000004,5000.7310359503163,False,True
180,26,280,0.66144555652656434,163,0.60805967736390421,158,56.865066418550626,0.28816308135924978,0.71183691864075027,3.4702571727198839,4.4000000000000004,5000.7301578925499,False,True
180,27,92,0.63536239920409032,163,0.60805967736390421,158,34.64586203001425,0.31668266553356406,0.68331733446643594,3.1577351994153076,4.4000000000000004,5000.7326876800644,False,True
180,28,383,0.62283645627809392,163,0.60805967736390421,158,56.492990024071858,0.3026901674635224,0.6973098325364776,3.3037082386249343,4.4000000000000004,5000.7310562875018,False,True
180,29,314,0.68623890887944272,163,0.60805967736390421,158,31.74115613797845,0.68693372005224551,0.31306627994775449,1.4557445220827767,4.4000000000000004,5000.7308134427076,False,True
180,30,44,0.62227955504037946,163,0.60805967736390421,158,35.053692473010479,0.31654285850591279,0.68345714149408721,3.1591298717652818,4.4000000000000004,5000.7296055417264,False,True
180,31,453,0.67478536663399136,163,0.60805967736390421,158,31.882897511860829,0.3065179689278768,0.69348203107212325,3.2624514755130014,4.4000000000000004,5000.7532290575073,False,True
180,32,257,0.63971128827995449,163,0.60805967736390421,158,32.003505518633112,0.31784815529232935,0.68215184470767065,3.1461563748271124,4.4000000000000004,5000.7302776603765,False,True
180,33,300,0.6012433924437548,163,0.60805967736390421,158,33.340623217944646,0.38002792885408365,0.61997207114591635,2.6313855484657345,4.4000000000000004,5000.7283495912116,False,True
180,34,367,0.59618496728790582,163,0.60805967736390421,158,31.684777928502189,0.32965613666468935,0.67034386333531071,3.0334639303777098,4.4000000000000004,5000.7327027767988,False,True
180,35,122,0.60447251966423232,163,0.60805967736390421,158,53.23922637932327,0.31102834001540852,0.68897165998459142,3.2151411024167746,4.4000000000000004,5000.7310563598376,False,True
180,36,326,0.65759395188836822,163,0.60805967736390421,158,34.994452510087541,0.34183109769128234,0.65816890230871761,2.9254213755096363,4.4000000000000004,5000.7320091511783,False,True
180,37,390,0.58940006681541912,163,0.60805967736390421,158,33.374456159596583,0.32802361172001065,0.6719763882799894,3.0485610311905371,4.4000000000000004,5000.7327686297322,False,True
180,38,324,0.63664849470743801,163,0.60805967736390421,158,31.919103835067233,0.30581396032063968,0.69418603967936032,3.2699619041312582,4.4000000000000004,5000.7307148902191,False,True
180,39,230,0.63700278567523083,163,0.60805967736390421,158,32.299087365755113,0.46139408960663375,0.53860591039336625,2.1673446247492252,4.4000000000000004,5000.7287467880142,False,True
180,40,360,0.55414309638099724,163,0.60805967736390421,158,31.706200393482241,0.33660504096969396,0.6633949590303061,2.9708408320897202,4.4000000000000004,5000.7312257830017,False,True
180,41,474,0.60996443809422285,163,0.60805967736390421,158,31.780162811998075,0.41857677961339002,0.58142322038660998,2.3890479565627833,4.4000000000000004,5000.7389444722112,False,True
180,42,126,0.55210907391120034,163,0.60805967736390421,158,32.196837319704457,0.3160889151193475,0.68391108488065244,3.1636667790846897,4.4000000000000004,5000.7279858352958,False,True
180,43,363,0.5767265188681262,163,0.60805967736390421,158,34.343153437140785,0.34439207364216562,0.65560792635783438,2.9036672924099642,4.4000000000000004,5000.7311354287758,False,True
180,44,386,0.53685349040101715,163,0.60805967736390421,158,31.818240108017431,0.31627763631795563,0.68372236368204442,3.1617790357921307,4.4000000000000004,5000.725766612265,False,True
180,45,307,0.63019010852623514,163,0.60805967736390421,158,32.74997596811108,0.45282725245785743,0.54717274754214262,2.2083476526030541,4.4000000000000004,5000.7310775568712,False,True
180,46,203,0.50932814156000727,163,0.60805967736390421,158,43.933215235699848,0.74589746057768347,0.25410253942231653,1.3406668514805224,4.4000000000000004,5000.7309958162623,False,True
180,47,479,0.51786587625138836,163,0.60805967736390421,158,38.855232955019304,0.3089138011205651,0.6910861988794349,3.2371489922838146,4.4000000000000004,5000.7382938184819,False,True
180,48,205,0.51885851262194937,163,0.60805967736390421,158,39.247106730021748,0.56433975105056156,0.43566024894943844,1.7719822113158317,4.4000000000000004,5000.7307403721452,False,True
180,49,105,0.5249935785947788,163,0.60805967736390421,158,33.529955861839156,0.30746336684947517,0.69253663315052483,3.2524199882634148,4.4000000000000004,5000.7308906084518,False,True
180,50,426,0.50567769776285765,163,0.60805967736390421,158,42.922141606191296,0.3173649642471032,0.68263503575289675,3.1509464265292721,4.4000000000000004,5000.7309610785396,False,True
180,51,270,0.54108642967420739,163,0.60805967736390421,158,32.01284967601628,0.51814252622621382,0.48185747377378618,1.9299709044986089,5.4000000000000004,5000.7312290757227,False,True
180,52,146,0.49847674691931976,163,0.60805967736390421,158,31.800519389684236,0.32241697494313892,0.67758302505686108,3.1015736692410778,4.4000000000000004,5000.7320635761243,False,True
180,53,306,0.49089592879440691,163,0.60805967736390421,158,38.599902613933978,0.4692967325243399,0.5307032674756601,2.1308479916768555,4.4000000000000004,5000.7311102835083,False,True
180,54,85,0.46952439417663394,163,0.60805967736390421,158,31.726895701620524,0.33714558855053822,0.66285441144946178,2.9660776648427056,4.4000000000000004,5000.7443588500901,False,True
180,55,179,0.47657449744549424,163,0.60805967736390421,158,41.46676420707638,0.2855398137875938,0.71446018621240626,3.5021385870338766,4.4000000000000004,5000.7309899323045,False,True
180,56,330,0.45466626388691328,163,0.60805967736390421,158,40.34888653215382,0.56170794303598914,0.43829205696401086,1.7802845987811304,4.4000000000000004,5000.7324743197751,False,True
180,57,243,0.51292494528280308,163,0.60805967736390421,158,31.772885766997849,0.3220194880964809,0.67798051190351916,3.1054021168445183,4.4000000000000004,5000.7314346198818,False,True
180,58,123,0.46698907596130906,163,0.60805967736390421,158,35.848724616415282,0.31660525719217852,0.68339474280782153,3.1585072492747734,4.4000000000000004,5000.7313058150357,False,True
180,59,381,0.48799627191402262,163,0.60805967736390421,158,31.988983764136417,0.31410794558264754,0.68589205441735246,3.1836189248414977,4.4000000000000004,5000.7305255587398,False,True
180,60,376,0.480821844463373,163,0.60805967736390421,158,31.685999835886907,0.3174353551699442,0.68256464483005574,3.150247707803794,4.4000000000000004,5000.7300587960381,False,True
180,61,275,0.61131065765306691,163,0.60805967736390421,158,35.89045025556738,0.43755837410906134,0.5624416258909386,2.2854093514634695,4.4000000000000004,5000.72712670692,False,True
180,62,110,0.59571425816255896,163,0.60805967736390421,158,55.09240862208901,0.32715622671409689,0.67284377328590317,3.0566436410024496,4.4000000000000004,5000.7311829159516,False,True
180,63,43,0.43178903945398833,163,0.60805967736390421,158,32.012877088620478,0.30598472565799317,0.69401527434200683,3.268136989026456,4.4000000000000004,5000.7336454448759,False,True
180,64,2,0.43436416673460998,163,0.60805967736390421,158,41.16230913342519,0.31572496868452044,0.68427503131547951,3.1673136406237883,4.4000000000000004,5000.728995342407,False,True
180,65,304,0.45542778178538401,163,0.60805967736390421,158,39.23735475819857,0.31419039672052901,0.68580960327947094,3.1827834664516996,4.4000000000000004,5000.7301752037329,False,True
180,66,58,0.51678418289171013,163,0.60805967736390421,158,31.743751960231734,0.30359521100168785,0.69640478899831215,3.2938595991042838,4.4000000000000004,5000.7308001246511,False,True
180,67,450,0.41257858305632389,163,0.60805967736390421,158,31.762431197782419,0.31640612343696806,0.68359387656303194,3.1604950913638437,4.4000000000000004,5000.7407302325901,False,True
180,68,261,0.45747074011551525,163,0.60805967736390421,158,33.183532072617695,0.45033294205158114,0.54966705794841886,2.2205792795088484,5.2000000000000002,5000.7315447964274,False,True
180,69,152,0.42233046225079329,163,0.60805967736390421,158,31.68650782977517,0.32015420493437552,0.67984579506562448,3.1234948177706356,4.4000000000000004,5000.7321249761862,False,True
180,70,162,0.4929244804011631,163,0.60805967736390421,158,35.384492156005223,0.3267903456223834,0.6732096543776166,3.06006592115035,4.4000000000000004,5000.7307267957112,False,True
180,71,290,0.45773545009686833,163,0.60805967736390421,158,33.179798578519069,0.31710596724739376,0.68289403275260629,3.1535199689882809,4.4000000000000004,5000.7285799300498,False,True
180,72,372,0.48842680105863678,163,0.60805967736390421,158,31.686110788004999,0.32432910983372276,0.67567089016627724,3.0832878384326357,4.4000000000000004,5000.7307373947579,False,True
180,73,191,0.4768459363275786,163,0.60805967736390421,158,32.391890454215904,0.33369810361214558,0.66630189638785442,2.9967206561122426,4.4000000000000004,5000.7311309865663,False,True
180,74,142,0.43058006533907045,163,0.60805967736390421,158,31.923995497713872,0.32413591210526099,0.67586408789473906,3.0851255990272888,4.4000000000000004,5000.7303753478582,False,True
180,75,439,0.42182911035462051,163,0.60805967736390421,158,31.785721153691281,0.32247447422142533,0.67752552577857461,3.1010206386548149,4.4000000000000004,5000.7247554754658,False,True
180,76,100,0.4057359827658763,163,0.60805967736390421,158,32.368726882106969,0.33729420593284642,0.66270579406715358,2.9647707621728165,4.4000000000000004,5000.7286935980073,False,True
180,77,81,0.39507117559251181,163,0.60805967736390421,158,31.744950450604417,0.32020070654211302,0.67979929345788692,3.1230412037472481,4.4000000000000004,5000.7305422203399,False,True
180,78,446,0.41668504159824571,163,0.60805967736390421,158,32.7783498988641,0.3529109852703084,0.6470890147296916,2.8335757223143982,4.4000000000000004,5000.7431224123948,False,True
180,79,420,0.38872418364568528,163,0.60805967736390421,158,31.896640843429715,0.36433458304747257,0.63566541695252743,2.7447298349651881,4.4000000000000004,5000.7312301084066,False,True
180,80,165,0.40132478858271964,163,0.60805967736390421,158,32.076691398898184,0.32190643746963044,0.67809356253036956,3.1064927059569687,4.4000000000000004,5000.7311097940592,False,True
180,81,384,0.44089145809987257,163,0.60805967736390421,158,31.867481551736226,0.30346309583653919,0.69653690416346081,3.2952936080855491,4.4000000000000004,5000.7336308512304,False,True
180,82,25,0.3623482454816585,163,0.60805967736390421,158,31.227966356162611,0.31650988754439946,0.68349011245560054,3.1594589595869156,4.4000000000000004,5000.7187756295552,False,True
180,83,69,0.47317552505479593,163,0.60805967736390421,158,32.575019667778427,0.28235983003990989,0.71764016996009006,3.5415802589860461,4.4000000000000004,5000.7271715885945,False,True
180,84,355,0.39461595422468693,163,0.60805967736390421,158,31.684625657464967,0.31841685579701057,0.68158314420298938,3.1405372604944501,4.4000000000000004,5000.7308365407134,False,True
180,85,211,0.40721267083973695,163,0.60805967736390421,158,39.263422420246172,0.46323367001983295,0.53676632998016705,2.1587377272407378,4.4000000000000004,5000.7284855175203,False,True
180,86,374,0.36860380757171796,163,0.60805967736390421,158,31.75535703241502,0.31214265454851303,0.68785734545148691,3.2036634065485612,4.4000000000000004,5000.7309814030659,False,True
180,87,161,0.41782355051475978,163,0.60805967736390421,158,31.741954148465208,0.33664834467123411,0.66335165532876594,2.9704586873183216,4.4000000000000004,5000.7306419510542,False,True
180,88,103,0.37831562827083759,163,0.60805967736390421,158,31.854052183603798,0.28183212649505285,0.71816787350494715,3.5482115273240629,4.4000000000000004,5000.7309664848126,False,True
180,89,54,0.41799668176638854,163,0.60805967736390421,158,33.240867879351505,0.32290380176859862,0.67709619823140144,3.0968975729701267,4.4000000000000004,5000.7307221344472,False,True
180,90,459,0.44834342961544754,163,0.60805967736390421,158,31.724965901896812,0.30113014141619987,0.69886985858380013,3.3208233333835344,4.4000000000000004,5000.7355418656807,False,True
180,91,26,0.40013503884456553,163,0.60805967736390421,158,31.959083441087493,0.30703463965842087,0.69296536034157907,3.2569614982612713,4.4000000000000004,5000.7320018301752,False,True
180,92,305,0.45640946963046564,163,0.60805967736390421,158,33.294311184885046,0.38358242274652699,0.61641757725347301,2.6070016265078042,4.4000000000000004,5000.7316807552515,False,True
180,93,215,0.43196408667677921,163,0.60805967736390421,158,40.074939890859277,1.0780937720098933,-0.078093772009893314,0.92756309883480459,4.4000000000000004,5000.722513239175,False,False
180,94,59,0.35811828347346725,163,0.60805967736390421,158,32.078508906448448,0.40719127895181678,0.59280872104818316,2.4558482749782335,4.4000000000000004,5000.7322084903517,False,True
180,95,135,0.46820265623074342,163,0.60805967736390421,158,35.367581474868366,0.43879786274861682,0.56120213725138313,2.2789536706856994,4.4000000000000004,5000.7323598174989,False,True
180,96,73,0.328874070733289,163,0.60805967736390421,158,31.949658872770129,0.3239273131673005,0.6760726868326995,3.0871123222743635,4.4000000000000004,5000.7256826689209,False,True
180,97,273,0.43632332026752302,163,0.60805967736390421,158,31.710943068315547,0.46595858961506309,0.53404141038493691,2.1461134579064596,5.5999999999999996,5000.7222424729334,False,True
180,98,452,0.3538321027586645,163,0.60805967736390421,158,31.940246599162453,0.32712832628110333,0.67287167371889667,3.0569043389434092,4.4000000000000004,5000.7288841756072,False,True
180,99,47,0.3494316344719004,163,0.60805967736390421,158,32.15147956181552,0.36075664612852787,0.63924335387147213,2.771951704096193,4.4000000000000004,5000.731366517306,False,True
180,100,169,0.33967409093551715,163,0.60805967736390421,158,43.356179674002512,0.30034361646349478,0.69965638353650528,3.3295197406719144,4.4000000000000004,5000.729973704957,False,True
180,101,83,0.33123140426658215,163,0.60805967736390421,158,32.170542624342417,0.31670254777769913,0.68329745222230087,3.1575369602076053,4.4000000000000004,5000.7304086422528,False,True
180,102,186,0.35492655643459309,163,0.60805967736390421,158,31.881902919810425,0.33320928117473314,0.66679071882526686,3.0011168850834182,4.4000000000000004,5000.7331404353035,False,True
180,103,412,0.33873420987063896,163,0.60805967736390421,158,31.888487493645115,0.31839999248718631,0.68160000751281369,3.1407035916944754,4.4000000000000004,5000.7307656682869,False,True
180,104,441,0.30655533665932944,163,0.60805967736390421,158,31.797710169321356,0.36043517289975258,0.63956482710024742,2.7744240162658289,4.4000000000000004,5000.7331560366583,False,True
180,105,388,0.37021908629929229,163,0.60805967736390421,158,31.702834922113059,0.29526210293538169,0.70473789706461831,3.3868213700924925,4.4000000000000004,5000.7304077163399,False,True
180,106,394,0.49623180251569293,163,0.60805967736390421,158,32.490538642436,0.27969258276045245,0.72030741723954761,3.5753540195110118,4.4000000000000004,5000.7312923705613,False,True
180,107,283,0.31614023452503065,163,0.60805967736390421,158,31.841223249332227,0.33185992593747887,0.66814007406252118,3.0133195418973129,4.4000000000000004,5000.7278485714078,False,True
180,108,224,0.31407152759038187,163,0.60805967736390421,158,31.793014590712303,0.37273588279709552,0.62726411720290454,2.6828648545875722,5,5000.7304015532209,False,True
180,109,351,0.27722263573446948,163,0.60805967736390421,158,31.690408594256169,0.30570844010300158,0.69429155989699842,3.2710905844244027,4.4000000000000004,5000.7365127941548,False,True
180,110,353,0.33187939745072076,163,0.60805967736390421,158,32.313217541013088,0.37993980869417499,0.62006019130582501,2.6319958507031047,4.4000000000000004,5000.7282691827668,False,True
180,111,258,0.30005079915659916,163,0.60805967736390421,158,32.844347116704348,0.70129358165728284,0.29870641834271716,1.4259363355883283,4.4000000000000004,5000.7309082536603,False,True
180,112,443,0.35555148165657524,163,0.60805967736390421,158,32.142408809438606,0.36025752729203209,0.63974247270796791,2.7757921049332568,4.4000000000000004,5000.7529428765056,False,True
180,113,281,0.2786621877968139,163,0.60805967736390421,158,33.480225991064927,0.45743179766555048,0.54256820233444958,2.1861182477986505,4.4000000000000004,5000.7301700320058,False,True
180,114,354,0.3466969257459126,163,0.60805967736390421,158,31.738000504533179,0.31300646131463644,0.68699353868536361,3.1948222276306062,4.4000000000000004,5000.7324275701812,False,True
180,115,63,0.36466403967726718,163,0.60805967736390421,158,32.223478992967735,0.31965348854716308,0.68034651145283687,3.1283875691300507,4.4000000000000004,5000.7318466303304,False,True
180,116,323,0.27057132301225667,163,0.60805967736390421,158,32.117801068959444,0.35767536656507526,0.64232463343492474,2.7958313417092997,4.4000000000000004,5000.7329669052478,False,True
180,117,118,0.26971502103443806,163,0.60805967736390421,158,31.949683952430853,0.32995321571859271,0.67004678428140729,3.0307326989438113,4.4000000000000004,5000.7347355091588,False,True
180,118,241,0.23783178560133783,163,0.60805967736390421,158,40.451297572828551,1.2590009692662107,-0.25900096926621075,0.79428056404343717,5.5999999999999996,5000.7237875364017,False,False
180,119,106,0.29087264636183885,163,0.60805967736390421,158,32.101474911601066,0.31028258115776247,0.68971741884223747,3.2228686388668151,4.4000000000000004,5000.7319327570003,False,True
180,120,410,0.30029005383033369,163,0.60805967736390421,158,31.947897549402061,0.36912630197888524,0.6308736980211147,2.7090998247456288,4.4000000000000004,5000.720897656779,False,True
180,121,475,0.32488899911670699,163,0.60805967736390421,158,31.857465768732531,0.33228344383912162,0.66771655616087844,3.0094788607167562,4.4000000000000004,5000.7280696794505,False,True
180,122,133,0.50088988557219327,163,0.60805967736390421,158,31.688442649062942,0.31663856577897587,0.68336143422102413,3.1581749921708302,4.4000000000000004,5000.7335200137404,False,True
180,123,288,0.25382381648813734,163,0.60805967736390421,158,31.723165682787442,0.54279504536030609,0.45720495463969391,1.8423160059174863,4.4000000000000004,5000.7304705610195,False,True
180,124,227,0.34186442658344229,163,0.60805967736390421,158,34.297696323464081,0.83210346587845485,0.16789653412154515,1.2017736267259698,4.4000000000000004,5000.7316708684702,False,True
180,125,125,0.26717592961364345,163,0.60805967736390421,158,34.47255772459232,0.42470745064306253,0.57529254935693741,2.3545619425462618,4.4000000000000004,5000.7367927794867,False,True
180,126,22,0.21790599982141526,163,0.60805967736390421,158,32.44241096200647,0.33562869433612824,0.66437130566387181,2.9794830325160206,4.4000000000000004,5000.7385554260436,False,True
180,127,473,0.24096028121890961,163,0.60805967736390421,158,32.206288105668662,0.36153081019209499,0.63846918980790501,2.7660159848303447,4.4000000000000004,5000.7194832593914,False,True
180,128,329,0.28391352593739433,163,0.60805967736390421,158,31.696202748051093,0.31385356402680353,0.68614643597319647,3.1861992808678083,4.4000000000000004,5000.7308912922908,False,True
180,129,111,0.26141952101630028,163,0.60805967736390421,158,31.759127020108078,0.29250591548546101,0.70749408451453899,3.418734278725057,4.4000000000000004,5000.7418473671214,False,True
180,130,242,0.29429640844173743,163,0.60805967736390421,158,32.496277120891357,0.35446150771759788,0.64553849228240212,2.821180800248436,4.4000000000000004,5000.7325302881154,False,True
180,131,134,0.29989000701587021,163,0.60805967736390421,158,33.256644850176372,0.31414489705594706,0.68585510294405294,3.1832444498434964,4.4000000000000004,5000.7310817503385,False,True
180,132,407,0.33743525983947026,163,0.60805967736390421,158,32.210897646751206,0.32258628336234746,0.6774137166376526,3.0999458178348598,4.4000000000000004,5000.7258775616083,False,True
180,133,157,0.20896432837558349,163,0.60805967736390421,158,31.738370273154672,0.34606725676591171,0.65393274323408823,2.8896117169398208,4.4000000000000004,5000.7303416981713,False,True
180,134,399,0.28962528728641251,163,0.60805967736390421,158,32.173330914482484,0.29612674768109565,0.70387325231890441,3.3769323704487459,4.4000000000000004,5000.731967764581,False,True
180,135,56,0.25476198381539372,163,0.60805967736390421,158,32.14559991644451,0.315293731480637,0.684706268519363,3.1716456756179201,4.4000000000000004,5000.7187289872636,False,True
180,136,31,0.25030189577384809,163,0.60805967736390421,158,32.580654767604145,0.33958763749980253,0.66041236250019741,2.9447479518466908,4.4000000000000004,5000.7310344503876,False,True
180,137,486,0.17101366603235063,163,0.60805967736390421,158,23.32264231746489,0.30480924110848601,0.69519075889151405,3.2807404275649423,4.4000000000000004,5000.720845219802,False,True
180,138,312,0.24101281401715455,163,0.60805967736390421,158,32.054087630582302,0.41599744932021471,0.58400255067978524,2.4038608929792944,4.4000000000000004,5000.7349138527698,False,True
180,139,465,0.38642638971413462,163,0.60805967736390421,158,32.314718070753187,0.30236991324609674,0.69763008675390326,3.3072073516325915,4.4000000000000004,5000.7309903369014,False,True
180,140,408,0.30423336370472021,163,0.60805967736390421,158,31.743379673507338,0.32593012024964357,0.67406987975035637,3.0681423344183654,4.4000000000000004,5000.7307331591364,False,True
180,141,236,0.24165029129874027,163,0.60805967736390421,158,44.808409457228755,0.41460807994765503,0.58539192005234497,2.4119163334353053,5.5999999999999996,5000.7286347358668,False,True
180,142,279,0.19697136710837843,163,0.60805967736390421,158,34.316224269931624,0.37780568713182905,0.62219431286817095,2.6468632793530884,4.4000000000000004,5000.7284131843562,False,True
180,143,346,0.30464422183082407,163,0.60805967736390421,158,31.744515569112515,0.36976682176484532,0.63023317823515468,2.704407050981859,4.4000000000000004,5000.7330627619767,False,True
180,144,187,0.1741866154366539,163,0.60805967736390421,158,44.126502350585177,1.2039779567040054,-0.20397795670400543,0.83057999063171151,4.4000000000000004,5000.7297979574787,False,False
180,145,52,0.22957544481064365,163,0.60805967736390421,158,31.685803791462547,0.36996655785183591,0.63003344214816415,2.7029470063628822,4.4000000000000004,5000.7337014133827,False,True
180,146,5,0.161972280152412,163,0.60805967736390421,158,32.541141158315469,0.33877749336185131,0.66122250663814874,2.9517899494341289,4.4000000000000004,5000.7219435547186,False,True
180,147,173,0.16647290468145964,163,0.60805967736390421,158,31.890064027265772,0.2981627347332565,0.7018372652667435,3.3538731823566881,4.4000000000000004,5000.7300348708559,False,True
180,148,335,0.1945055355327347,163,0.60805967736390421,158,31.721638512276648,0.42246623821694451,0.57753376178305549,2.367053055459738,4.4000000000000004,5000.7313405849072,False,True
180,149,387,0.22540078023207216,163,0.60805967736390421,158,31.75039795768814,0.31725612897749966,0.68274387102250034,3.1520273642086885,4.4000000000000004,5000.7299610480341,False,True
180,150,277,0.24080554655711897,163,0.60805967736390421,158,32.437834011283861,0.32361399018067655,0.67638600981932351,3.0901012636743275,4.4000000000000004,5000.7330025492492,False,True
180,151,1,0.12210288150854566,163,0.60805967736390421,158,38.555627823366557,0.30912984235329194,0.69087015764670801,3.2348866495300723,4.4000000000000004,5000.7268927642936,False,True
180,152,30,0.13260795049655821,163,0.60805967736390421,158,32.138545131580237,0.3446481971842818,0.65535180281571814,2.9015094469370011,4.4000000000000004,5000.7349794441852,False,True
180,153,309,0.39553983638390178,163,0.60805967736390421,158,31.97042113555424,0.60670673055001623,0.39329326944998377,1.6482427994386015,4.4000000000000004,5000.7309251851402,False,True
180,154,45,0.38249609354022479,163,0.60805967736390421,158,32.079507122834819,0.3464842904855317,0.65351570951446836,2.8861337366802129,4.4000000000000004,5000.7344892330766,False,True
180,155,46,0.38942283465320016,163,0.60805967736390421,158,31.734403722167151,0.30282096909605344,0.69717903090394651,3.3022812224169473,4.4000000000000004,5000.7348664266829,False,True
180,156,414,0.13847728468428752,163,0.60805967736390421,158,31.729507167008531,0.31768301789059872,0.68231698210940128,3.1477918040440311,4.4000000000000004,5000.7316669755664,False,True
180,157,371,0.37306791521560556,163,0.60805967736390421,158,31.786061172956988,0.2925402024506602,0.70745979754933974,3.4183335884190478,4.4000000000000004,5000.7301273825487,False,True
180,158,102,0.43032419396997029,163,0.60805967736390421,158,31.685996914542503,0.31783988475788483,0.68216011524211517,3.1462382411878611,4.4000000000000004,5000.7313112046068,False,True
180,159,417,0.16254759291937698,163,0.60805967736390421,158,33.181282837843796,0.27851293709195846,0.72148706290804154,3.5904974843944983,4.4000000000000004,5000.7310540972949,False,True
180,160,396,0.22268154477105498,163,0.60805967736390421,158,31.70154471499572,0.31914287830661536,0.68085712169338464,3.1333928092208709,4.4000000000000004,5000.7305681395392,False,True
180,161,219,0.4138024002370328,163,0.60805967736390421,158,32.00962985902266,0.47328300569772336,0.5267169943022767,2.1129007125995996,4.7999999999999998,5000.7281273563967,False,True
180,162,294,0.14745033504606417,163,0.60805967736390421,158,35.030168290047449,0.31431020342514882,0.68568979657485118,3.1815702738970875,4.4000000000000004,5000.7336271130225,False,True
180,163,49,0.42540629299445648,163,0.60805967736390421,158,31.844871164483539,0.33986296136791194,0.66013703863208806,2.9423624038792204,4.4000000000000004,5000.6617527999015,False,True
180,164,250,0.32121750678160765,163,0.60805967736390421,158,32.136056667311102,0.76314046211286857,0.23685953788713143,1.3103747601474969,4.4000000000000004,5000.7316037727142,False,True
180,165,51,0.36572107098096568,163,0.60805967736390421,158,31.698501846068776,0.35117642191701209,0.64882357808298785,2.8475715839382691,4.4000000000000004,5000.7305409988385,False,True
180,166,168,0.67107166692715081,163,0.60805967736390421,158,31.688030343990391,0.32268434304247595,0.67731565695752405,3.0990037836089459,4.4000000000000004,5000.7309547527411,False,True
180,167,139,0.21310609977177403,163,0.60805967736390421,158,32.300659717207985,0.31715030319441545,0.68284969680558461,3.1530791234558357,4.4000000000000004,5000.7308690028622,False,True
180,168,342,0.31200702049550788,163,0.60805967736390421,158,31.762369259915605,0.32587604780222584,0.67412395219777421,3.0686514297206031,4.4000000000000004,5000.7354235701532,False,True
180,169,202,0.37829053469478946,163,0.60805967736390421,158,35.836246134580158,0.32133270801585706,0.678667291984143,3.1120392510763399,4.4000000000000004,5000.7290749890572,False,True
180,170,96,0.39699917925503431,163,0.60805967736390421,158,31.684251470163506,0.30177127440578028,0.69822872559421967,3.3137680250352068,4.4000000000000004,5000.7305101688944,False,True
180,171,292,0.57855437554218958,163,0.60805967736390421,158,32.853689810670303,0.30464524476841331,0.69535475523158663,3.2825065126494417,4.4000000000000004,5000.7308312998484,False,True
180,172,198,0.31482455088247757,163,0.60805967736390421,158,33.258974699065895,0.32920649238317279,0.67079350761682721,3.0376071649160297,4.4000000000000004,5000.7321470167026,False,True
180,173,375,0.36610861840810893,163,0.60805967736390421,158,31.687380230432026,0.31891171233841281,0.68108828766158713,3.1356640766421622,4.4000000000000004,5000.7282627396944,False,True
180,174,244,0.42604489388449329,163,0.60805967736390421,158,32.175058810586968,0.32245366259286706,0.67754633740713288,3.1012207830388614,4.4000000000000004,5000.7313043206932,False,True
180,175,321,0.47234225191860801,163,0.60805967736390421,158,31.717617613894234,0.27603514227595605,0.72396485772404395,3.6227271345048035,4.4000000000000004,5000.7304696407855,False,True
180,176,401,0.25991951273492953,163,0.60805967736390421,158,31.798710141423928,0.30931750124713048,0.69068249875286947,3.2329240859897093,4.4000000000000004,5000.7313094409283,False,True
180,177,436,0.4038202680455979,163,0.60805967736390421,158,31.705025172233313,0.31590382204508893,0.68409617795491107,3.1655204217734032,4.4000000000000004,5000.7311000953978,False,True
180,178,370,0.51705439576140133,163,0.60805967736390421,158,31.694859432976436,0.32632367667190787,0.67367632332809213,3.0644420601004057,4.4000000000000004,5000.7300335305181,False,True
180,179,325,0.47455597036665431,163,0.60805967736390421,158,31.833507866859478,0.33120429808671503,0.66879570191328497,3.0192844892918105,4.4000000000000004,5000.7311218095665,False,True
180,180,425,0.20444957676767311,163,0.60805967736390421,158,31.689263076293926,0.3217323334222138,0.67826766657778625,3.108173770920581,4.4000000000000004,5000.7327641045122,False,True
182,1,328,0.90676326878889602,137,0.51224519151418479,158,32.440126724049712,0.81132260879208873,0.18867739120791127,1.2325553228312194,4.4000000000000004,5000.726705754706,False,True
182,2,232,0.88422490502675666,137,0.51224519151418479,158,41.359682775131198,0.36432663913694796,0.63567336086305204,2.7447896820526116,4.7999999999999998,5000.7272116874001,False,True
182,3,167,0.86208063117142419,137,0.51224519151418479,158,37.941345253003767,0.29520889997982946,0.70479110002017054,3.3874317477160285,4.4000000000000004,5000.7261016458606,False,True
182,4,149,0.8496139235097917,137,0.51224519151418479,158,35.553113800477327,0.30354944961950231,0.69645055038049763,3.2943561625741538,4.4000000000000004,5000.7270746352751,False,True
182,5,218,0.81651911222501861,137,0.51224519151418479,158,59.812597573471599,0.30715531886802716,0.69284468113197284,3.2556818605171594,4.4000000000000004,5000.7252928139796,False,True
182,6,50,0.79585806435497153,137,0.51224519151418479,158,31.60876629270637,0.32849345538406954,0.67150654461593051,3.0442006792214937,4.4000000000000004,5000.7587504571411,False,True
182,7,282,0.79109814790570709,137,0.51224519151418479,158,48.752255694832996,2.2153585136147629,-1.2153585136147629,0.45139420723750801,4.4000000000000004,5000.7274137019231,False,False
182,8,411,0.78169229901005888,137,0.51224519151418479,158,31.709220948430445,0.31433213155863049,0.68566786844136951,3.1813483242755156,4.4000000000000004,5000.726319705137,False,True
182,9,423,0.77777291692197137,137,0.51224519151418479,158,31.664752013024476,0.30862164321672519,0.69137835678327475,3.2402134522294799,4.4000000000000004,5000.737046776122,False,True
182,10,159,0.77356747297146899,137,0.51224519151418479,158,32.015138760119086,0.30820333766158475,0.6917966623384153,3.2446111959307395,4.4000000000000004,5000.7259426551273,False,True
182,11,347,0.75571946619536057,137,0.51224519151418479,158,42.784857848565636,0.30556688431667806,0.69443311568332189,3.2726059377679078,4.4000000000000004,5000.7309066906364,False,True
182,12,248,0.73065215596173627,137,0.51224519151418479,158,35.242802608175388,0.30796103231990773,0.69203896768009221,3.2471640728922062,4.4000000000000004,5000.7249375539168,False,True
182,13,172,0.73515003507604626,137,0.51224519151418479,158,37.756566290603992,0.30104687734995039,0.69895312265004961,3.3217418124472196,4.4000000000000004,5000.7266330026323,False,True
182,14,302,0.72543835092744624,137,0.51224519151418479,158,31.631485967649088,0.30799092215737139,0.69200907784262866,3.2468489428043559,4.4000000000000004,5000.7265987104738,False,True
182,15,385,0.72108388903941067,137,0.51224519151418479,158,31.52075541149518,0.29773418852451472,0.70226581147548528,3.3587006079339203,4.4000000000000004,5000.7273435450579,False,True
182,16,406,0.72945485068692784,137,0.51224519151418479,158,36.400078017434481,0.30809207178157655,0.69190792821842351,3.2457829707119341,4.4000000000000004,5000.7308587963553,False,True
182,17,136,0.71991271752084995,137,0.51224519151418479,158,31.658549616717337,0.30596769683874847,0.69403230316125153,3.26831887918881,4.4000000000000004,5000.7255436824007,False,True
182,18,318,0.72135965885028319,137,0.51224519151418479,158,31.525959628668371,0.38052565401721039,0.61947434598278961,2.6279437127116063,4.4000000000000004,5000.7251297796965,False,True
182,19,331,0.70788772307048586,137,0.51224519151418479,158,52.766877169629147,0.31217676557190072,0.68782323442809923,3.2033133477054987,4.4000000000000004,5000.7261120202866,False,True
182,20,153,0.73023626588030188,137,0.51224519151418479,158,31.602693925443557,0.30610026136323942,0.69389973863676058,3.2669034503480279,4.4000000000000004,5000.7249769576056,False,True
182,21,267,0.65547482902372112,137,0.51224519151418479,158,46.803060951250615,1.5172875896506686,-0.51728758965066857,0.6590708358922478,4.4000000000000004,5000.7263391809956,False,False
182,22,68,0.6626734207772953,137,0.51224519151418479,158,31.54497717858429,0.31553015869553253,0.68446984130446742,3.1692691568191407,4.4000000000000004,5000.7261103247984,False,True
182,23,451,0.66418404151521904,137,0.51224519151418479,158,31.528143058276175,0.33160371732042965,0.66839628267957041,3.0156477378499864,4.4000000000000004,5000.7515448093345,False,True
182,24,303,0.6520781226680904,137,0.51224519151418479,158,33.085483004645972,0.3131355941254565,0.68686440587454345,3.1935047268990893,4.4000000000000004,5000.7242731626493,False,True
182,25,352,0.67795609218283048,137,0.51224519151418479,158,35.79377828026022,0.29947385004031024,0.70052614995968976,3.3391897151133443,4.4000000000000004,5000.7264573110206,False,True
182,26,280,0.66144555652656434,137,0.51224519151418479,158,56.585453361544033,0.30826157294763085,0.69173842705236921,3.2439982396699358,4.4000000000000004,5000.7254326146358,False,True
182,27,92,0.63536239920409032,137,0.51224519151418479,158,34.046926857812309,0.3127420418730561,0.6872579581269439,3.1975234094234959,4.4000000000000004,5000.7271362656566,False,True
182,28,383,0.62283645627809392,137,0.51224519151418479,158,50.909115456063496,0.32701237875821698,0.67298762124178302,3.057988213771472,4.4000000000000004,5000.7225132428894,False,True
182,29,314,0.68623890887944272,137,0.51224519151418479,158,31.606614884507746,0.65730025638942913,0.34269974361057087,1.5213747298579059,4.4000000000000004,5000.7260283299283,False,True
182,30,44,0.62227955504037946,137,0.51224519151418479,158,34.475155900354856,0.30854209269588134,0.69145790730411871,3.2410488671497522,4.4000000000000004,5000.7250662196866,False,True
182,31,453,0.67478536663399136,137,0.51224519151418479,158,31.725468145725536,0.3140889450716095,0.68591105492839044,3.1838115148306438,4.4000000000000004,5000.749278301565,False,True
182,32,257,0.63971128827995449,137,0.51224519151418479,158,31.970279039223403,0.30712000289664121,0.69287999710335879,3.256056233942346,4.4000000000000004,5000.7256514765404,False,True
182,33,300,0.6012433924437548,137,0.51224519151418479,158,33.102433617810647,0.36845010173904574,0.6315498982609542,2.7140717163059671,4.4000000000000004,5000.7235207612794,False,True
182,34,367,0.59618496728790582,137,0.51224519151418479,158,31.521506299177421,0.31398245090075722,0.68601754909924284,3.1848913757160191,4.4000000000000004,5000.7278691032416,False,True
182,35,122,0.60447251966423232,137,0.51224519151418479,158,53.166147015392312,0.31869152714123195,0.68130847285876805,3.1378305189671329,4.4000000000000004,5000.7262471386994,False,True
182,36,326,0.65759395188836822,137,0.51224519151418479,158,34.914684954012799,0.31899919345527872,0.68100080654472128,3.13480416413715,4.4000000000000004,5000.7270293161628,False,True
182,37,390,0.58940006681541912,137,0.51224519151418479,158,32.737047513892556,0.30602937560238458,0.69397062439761537,3.26766016507929,4.4000000000000004,5000.7238838395633,False,True
182,38,324,0.63664849470743801,137,0.51224519151418479,158,31.746359671225456,0.33306099179668869,0.66693900820331131,3.002453078054943,4.4000000000000004,5000.7256336775845,False,True
182,39,230,0.63700278567523083,137,0.51224519151418479,158,32.165719755073241,0.42042756422908328,0.57957243577091666,2.3785310124317118,4.4000000000000004,5000.7240609141663,False,True
182,40,360,0.55414309638099724,137,0.51224519151418479,158,31.55012927878683,0.3250320713106285,0.6749679286893715,3.0766194731728929,4.4000000000000004,5000.7256876677766,False,True
182,41,474,0.60996443809422285,137,0.51224519151418479,158,31.650567425151372,0.41073082992311993,0.58926917007688007,2.4346845358240548,4.4000000000000004,5000.7411956019205,False,True
182,42,126,0.55210907391120034,137,0.51224519151418479,158,31.818145700492167,0.30797880202014344,0.69202119797985651,3.2469767186593406,4.4000000000000004,5000.7237785312018,False,True
182,43,363,0.5767265188681262,137,0.51224519151418479,158,34.115938549246628,0.34819986331214814,0.65180013668785186,2.8719138212398936,4.4000000000000004,5000.7262524535718,False,True
182,44,386,0.53685349040101715,137,0.51224519151418479,158,31.541782498786663,0.30272498220952299,0.69727501779047696,3.3033282971931164,4.4000000000000004,5000.7197832834836,False,True
182,45,307,0.63019010852623514,137,0.51224519151418479,158,32.526149677452132,0.42833771955230299,0.57166228044769696,2.3346064433578166,4.4000000000000004,5000.7262161415756,False,True
182,46,203,0.50932814156000727,137,0.51224519151418479,158,40.16443424066113,0.68276190417258753,0.31723809582741247,1.4646394209879956,4.4000000000000004,5000.726248721805,False,True
182,47,479,0.51786587625138836,137,0.51224519151418479,158,38.595116806363677,0.30228847640505951,0.69771152359494049,3.3080983168542066,4.4000000000000004,5000.7345295808245,False,True
182,48,205,0.51885851262194937,137,0.51224519151418479,158,39.076011693233504,0.63383068713614787,0.36616931286385213,1.5777084011478264,4.4000000000000004,5000.7257875797259,False,True
182,49,105,0.5249935785947788,137,0.51224519151418479,158,32.880057853197926,0.32264909434725197,0.67735090565274803,3.0993423428728031,4.4000000000000004,5000.7263866982148,False,True
182,50,426,0.50567769776285765,137,0.51224519151418479,158,42.356358860284885,0.30647212449240013,0.69352787550759987,3.2629394978622206,4.4000000000000004,5000.7265542841715,False,True
182,51,270,0.54108642967420739,137,0.51224519151418479,158,31.748818117390513,0.49420324152411865,0.50579675847588135,2.0234590062906275,5.4000000000000004,5000.7262871703515,False,True
182,52,146,0.49847674691931976,137,0.51224519151418479,158,31.58078610630335,0.28585474126064975,0.7141452587393502,3.4982802649691722,4.4000000000000004,5000.7273175154914,False,True
182,53,306,0.49089592879440691,137,0.51224519151418479,158,37.871405145554654,0.6049215802927902,0.3950784197072098,1.6531068366183705,4.4000000000000004,5000.7251727798212,False,True
182,54,85,0.46952439417663394,137,0.51224519151418479,158,31.621045627199432,0.28679287913442847,0.71320712086557148,3.4868369222349829,4.4000000000000004,5000.716914522206,False,True
182,55,179,0.47657449744549424,137,0.51224519151418479,158,38.997049534769509,0.29701409760472647,0.70298590239527359,3.3668435541090851,4.4000000000000004,5000.7259983516897,False,True
182,56,330,0.45466626388691328,137,0.51224519151418479,158,40.107089761483387,0.59161348804265623,0.40838651195734377,1.6902927675102271,4.4000000000000004,5000.7269698710124,False,True
182,57,243,0.51292494528280308,137,0.51224519151418479,158,31.553489462457321,0.30946738469216967,0.69053261530783039,3.2313582932001386,4.4000000000000004,5000.7267842750243,False,True
182,58,123,0.46698907596130906,137,0.51224519151418479,158,34.231655948661121,0.30569645173070026,0.69430354826929974,3.2712188654415209,4.4000000000000004,5000.726167808547,False,True
182,59,381,0.48799627191402262,137,0.51224519151418479,158,31.706847307846221,0.32329037563970431,0.67670962436029569,3.093194463402352,4.4000000000000004,5000.7244357944201,False,True
182,60,376,0.480821844463373,137,0.51224519151418479,158,31.520810941219811,0.30371164417232233,0.69628835582767767,3.2925968404181831,4.4000000000000004,5000.7252254202485,False,True
182,61,275,0.61131065765306691,137,0.51224519151418479,158,31.93753199077371,0.3763507355121678,0.6236492644878322,2.6570959098541977,4.4000000000000004,5000.7231963014801,False,True
182,62,110,0.59571425816255896,137,0.51224519151418479,158,54.424593297666519,0.30770596738225525,0.69229403261774469,3.2498557259298311,4.4000000000000004,5000.7257742880292,False,True
182,63,43,0.43178903945398833,137,0.51224519151418479,158,31.808420091320766,0.29978289670725206,0.700217103292748,3.3357473391036487,4.4000000000000004,5000.7277427360632,False,True
182,64,2,0.43436416673460998,137,0.51224519151418479,158,40.897346613053699,0.30521764865988599,0.69478235134011401,3.2763505137749513,4.4000000000000004,5000.7237858027611,False,True
182,65,304,0.45542778178538401,137,0.51224519151418479,158,39.198724458346028,0.31080273250835777,0.68919726749164223,3.2174749299319916,4.4000000000000004,5000.7255383341017,False,True
182,66,58,0.51678418289171013,137,0.51224519151418479,158,31.554052543833858,0.32839449624322348,0.67160550375677652,3.0451180255449706,4.4000000000000004,5000.7260825827234,False,True
182,67,450,0.41257858305632389,137,0.51224519151418479,158,31.607909115277355,0.296991761683431,0.703008238316569,3.3670967650136991,4.4000000000000004,5000.7381394197055,False,True
182,68,261,0.45747074011551525,137,0.51224519151418479,158,33.013735936908333,0.43050406106592476,0.56949593893407524,2.3228584592768016,5.2000000000000002,5000.7267099498458,False,True
182,69,152,0.42233046225079329,137,0.51224519151418479,158,31.60274329620351,0.3004918621668114,0.69950813783318866,3.3278771437905768,4.4000000000000004,5000.7268428644256,False,True
182,70,162,0.4929244804011631,137,0.51224519151418479,158,35.250316151735852,0.30157715104121763,0.69842284895878237,3.3159010772116697,4.4000000000000004,5000.7260412651003,False,True
182,71,290,0.45773545009686833,137,0.51224519151418479,158,32.82527294800569,0.30713846549810642,0.69286153450189358,3.2558605070134572,4.4000000000000004,5000.7236526831139,False,True
182,72,372,0.48842680105863678,137,0.51224519151418479,158,31.523222151744019,0.30365995261261114,0.69634004738738886,3.2931573340384879,4.4000000000000004,5000.7259274160106,False,True
182,73,191,0.4768459363275786,137,0.51224519151418479,158,32.391187850567071,0.38042920194280772,0.61957079805719228,2.6286099881216169,4.4000000000000004,5000.7261371863315,False,True
182,74,142,0.43058006533907045,137,0.51224519151418479,158,31.64352507797928,0.35712155018771641,0.64287844981228359,2.8001670564948062,4.4000000000000004,5000.7255033479778,False,True
182,75,439,0.42182911035462051,137,0.51224519151418479,158,31.570651563843832,0.29732039224070089,0.70267960775929916,3.3633750865982734,4.4000000000000004,5000.7219722475584,False,True
182,76,100,0.4057359827658763,137,0.51224519151418479,158,32.139666718606449,0.2853663313059091,0.71463366869409084,3.5042676388056888,4.4000000000000004,5000.7244500446341,False,True
182,77,81,0.39507117559251181,137,0.51224519151418479,158,31.563774680895037,0.30757211455842226,0.69242788544157774,3.2512700360879219,4.4000000000000004,5000.7254906589342,False,True
182,78,446,0.41668504159824571,137,0.51224519151418479,158,32.539083337234011,0.32089444691336688,0.67910555308663312,3.1162895139471636,4.4000000000000004,5000.7391617255616,False,True
182,79,420,0.38872418364568528,137,0.51224519151418479,158,31.703030437106989,0.32603690517941419,0.67396309482058581,3.0671374439949122,4.4000000000000004,5000.7262557809836,False,True
182,80,165,0.40132478858271964,137,0.51224519151418479,158,31.986057971493029,0.31877602598777566,0.68122397401222434,3.1369987655167888,4.4000000000000004,5000.7260025012083,False,True
182,81,384,0.44089145809987257,137,0.51224519151418479,158,31.688937059809049,0.30394204458306262,0.69605795541693738,3.2901009183239722,4.4000000000000004,5000.7282312998159,False,True
182,82,25,0.3623482454816585,137,0.51224519151418479,158,30.94442818329297,0.33378792461736778,0.66621207538263216,2.9959142504820488,4.4000000000000004,5000.7113683451125,False,True
182,83,69,0.47317552505479593,137,0.51224519151418479,158,32.311566949915083,0.30968018904267985,0.69031981095732009,3.229137785956921,4.4000000000000004,5000.7284810384172,False,True
182,84,355,0.39461595422468693,137,0.51224519151418479,158,31.562179464066251,0.30997031603791053,0.69002968396208941,3.2261153673750367,4.4000000000000004,5000.7264707432332,False,True
182,85,211,0.40721267083973695,137,0.51224519151418479,158,39.022018134416008,0.57472513981173878,0.42527486018826122,1.7399621675285815,4.4000000000000004,5000.7234797483807,False,True
182,86,374,0.36860380757171796,137,0.51224519151418479,158,31.601808284999464,0.30161032761448914,0.69838967238551086,3.3155363342802215,4.4000000000000004,5000.7262655504883,False,True
182,87,161,0.41782355051475978,137,0.51224519151418479,158,31.571121133191195,0.31840067865824384,0.68159932134175616,3.1406968233046779,4.4000000000000004,5000.7260254424045,False,True
182,88,103,0.37831562827083759,137,0.51224519151418479,158,31.720396371123815,0.26636378418741791,0.73363621581258209,3.7542641281007771,4.4000000000000004,5000.7265838930771,False,True
182,89,54,0.41799668176638854,137,0.51224519151418479,158,32.736530131759487,0.30746076793619398,0.69253923206380597,3.2524474804132595,4.4000000000000004,5000.7258594231498,False,True
182,90,459,0.44834342961544754,137,0.51224519151418479,158,31.579693457417662,0.31228328003204053,0.68771671996795947,3.2022207525724693,4.4000000000000004,5000.730576853879,False,True
182,91,26,0.40013503884456553,137,0.51224519151418479,158,31.898556989418427,0.32870606928623752,0.67129393071376242,3.042231627092955,4.4000000000000004,5000.7271034803698,False,True
182,92,305,0.45640946963046564,137,0.51224519151418479,158,33.009107423984894,0.46508971482086681,0.53491028517913319,2.1501228002540507,4.4000000000000004,5000.7265094390914,False,True
182,93,215,0.43196408667677921,137,0.51224519151418479,158,37.080481370413409,1.1741241823618187,-0.1741241823618187,0.85169866613976231,4.4000000000000004,5000.7178470439394,False,False
182,94,59,0.35811828347346725,137,0.51224519151418479,158,31.827931203852479,0.31983505692598652,0.68016494307401354,3.1266116029032158,4.4000000000000004,5000.7259627980138,False,True
182,95,135,0.46820265623074342,137,0.51224519151418479,158,33.033146614316976,0.37353182267800822,0.62646817732199178,2.6771480749098577,4.4000000000000004,5000.7280017907133,False,True
182,96,73,0.328874070733289,137,0.51224519151418479,158,31.662617088189979,0.30748767538476118,0.69251232461523882,3.2521628671740874,4.4000000000000004,5000.7265430493335,False,True
182,97,273,0.43632332026752302,137,0.51224519151418479,158,31.544376070321299,0.51883948276991987,0.48116051723008013,1.9273783765670962,5.5999999999999996,5000.7171028033063,False,True
182,98,452,0.3538321027586645,137,0.51224519151418479,158,31.696077256548897,0.29350500886500175,0.70649499113499825,3.4070968801079373,4.4000000000000004,5000.7252212790318,False,True
182,99,47,0.3494316344719004,137,0.51224519151418479,158,31.887646737797674,0.31829796585796521,0.68170203414203479,3.1417103068959986,4.4000000000000004,5000.7258072322466,False,True
182,100,169,0.33967409093551715,137,0.51224519151418479,158,42.357742157001482,0.29988395351851604,0.70011604648148396,3.3346232376460114,4.4000000000000004,5000.7239257708507,False,True
182,101,83,0.33123140426658215,137,0.51224519151418479,158,31.91421171437694,0.28216110553789575,0.71783889446210425,3.5440745743239748,4.4000000000000004,5000.7275543493479,False,True
182,102,186,0.35492655643459309,137,0.51224519151418479,158,31.760636765323028,0.30059579174513656,0.69940420825486349,3.3267265459519839,4.4000000000000004,5000.7280887836796,False,True
182,103,412,0.33873420987063896,137,0.51224519151418479,158,31.688044442633345,0.30950211578491205,0.69049788421508795,3.2309956830632727,4.4000000000000004,5000.7259700579853,False,True
182,104,441,0.30655533665932944,137,0.51224519151418479,158,31.668036224922702,0.33435470294427327,0.66564529705572673,2.990835753749423,4.4000000000000004,5000.7266001760554,False,True
182,105,388,0.37021908629929229,137,0.51224519151418479,158,31.591361296007541,0.32069207409618505,0.67930792590381495,3.1182560492594851,4.4000000000000004,5000.7249269951099,False,True
182,106,394,0.49623180251569293,137,0.51224519151418479,158,31.733967998744273,0.2877191956241521,0.71228080437584795,3.4756109957512225,4.4000000000000004,5000.7284925535105,False,True
182,107,283,0.31614023452503065,137,0.51224519151418479,158,31.603324217755461,0.46499685836564714,0.53500314163435281,2.1505521639753891,4.4000000000000004,5000.7229365216426,False,True
182,108,224,0.31407152759038187,137,0.51224519151418479,158,31.656282047748768,0.35594349482129106,0.64405650517870894,2.8094346842946831,5,5000.7256593732836,False,True
182,109,351,0.27722263573446948,137,0.51224519151418479,158,31.599787520486235,0.30085086477439649,0.69914913522560351,3.3239060181857374,4.4000000000000004,5000.7289141941019,False,True
182,110,353,0.33187939745072076,137,0.51224519151418479,158,31.836447660612357,0.3995072747721774,0.6004927252278226,2.5030833307610205,4.4000000000000004,5000.7241256912212,False,True
182,111,258,0.30005079915659916,137,0.51224519151418479,158,32.651637317817475,0.65621531365359553,0.34378468634640447,1.5238900696058464,4.4000000000000004,5000.7261878849067,False,True
182,112,443,0.35555148165657524,137,0.51224519151418479,158,32.000797967067875,0.33060259973145589,0.66939740026854411,3.0247796018914754,4.4000000000000004,5000.7488710186344,False,True
182,113,281,0.2786621877968139,137,0.51224519151418479,158,33.373136628877376,0.4466755256757452,0.5533244743242548,2.2387615674424239,4.4000000000000004,5000.7253930429379,False,True
182,114,354,0.3466969257459126,137,0.51224519151418479,158,31.612738541357444,0.29774493514341283,0.70225506485658717,3.3585793811012659,4.4000000000000004,5000.7277257169599,False,True
182,115,63,0.36466403967726718,137,0.51224519151418479,158,32.030557576638415,0.32138559300060443,0.67861440699939557,3.1115271554755699,4.4000000000000004,5000.7262272625921,False,True
182,116,323,0.27057132301225667,137,0.51224519151418479,158,32.019987059046734,0.32455235331850041,0.67544764668149959,3.0811669974817502,4.4000000000000004,5000.7282325691622,False,True
182,117,118,0.26971502103443806,137,0.51224519151418479,158,31.918929093984445,0.31487845973116207,0.68512154026883798,3.1758285430314386,4.4000000000000004,5000.7260313853103,False,True
182,118,241,0.23783178560133783,137,0.51224519151418479,158,40.080136511627266,1.2662339579210453,-0.26623395792104532,0.78974347018922231,5.5999999999999996,5000.7191867468755,False,False
182,119,106,0.29087264636183885,137,0.51224519151418479,158,32.005749772939517,0.30797871287829798,0.69202128712170197,3.2469776584694143,4.4000000000000004,5000.7285897142765,False,True
182,120,410,0.30029005383033369,137,0.51224519151418479,158,31.788271224395963,0.35618974839798551,0.64381025160201455,2.8074923674744809,4.4000000000000004,5000.723123266368,False,True
182,121,475,0.32488899911670699,137,0.51224519151418479,158,31.777753513765823,0.34517401515866392,0.65482598484133603,2.8970894565755088,4.4000000000000004,5000.7330689697619,False,True
182,122,133,0.50088988557219327,137,0.51224519151418479,158,31.528982343837264,0.30487425259335538,0.69512574740664457,3.2800408414081819,4.4000000000000004,5000.7285147495586,False,True
182,123,288,0.25382381648813734,137,0.51224519151418479,158,31.624934177851173,0.5927472953117644,0.4072527046882356,1.6870595748126271,4.4000000000000004,5000.7251276345423,False,True
182,124,227,0.34186442658344229,137,0.51224519151418479,158,34.032078379013683,0.76131224563285926,0.23868775436714074,1.3135214962537818,4.4000000000000004,5000.7268411066534,False,True
182,125,125,0.26717592961364345,137,0.51224519151418479,158,31.606401617375372,0.3201959575016729,0.67980404249832715,3.1230875236604927,4.4000000000000004,5000.7321276368857,False,True
182,126,22,0.21790599982141526,137,0.51224519151418479,158,32.405309644142989,0.30672827907663325,0.69327172092336675,3.260214555405109,4.4000000000000004,5000.7294709167891,False,True
182,127,473,0.24096028121890961,137,0.51224519151418479,158,31.869032668103138,0.38703981037730739,0.61296018962269261,2.5837135436407581,4.4000000000000004,5000.7171057099131,False,True
182,128,329,0.28391352593739433,137,0.51224519151418479,158,31.522539743050636,0.31369854628374833,0.68630145371625173,3.1877737778723225,4.4000000000000004,5000.726218860048,False,True
182,129,111,0.26141952101630028,137,0.51224519151418479,158,31.670965899394119,0.28418230322800836,0.71581769677199159,3.5188679542711312,4.4000000000000004,5000.7358625342958,False,True
182,130,242,0.29429640844173743,137,0.51224519151418479,158,32.21200020924082,0.38140805087320734,0.61859194912679261,2.6218639006454354,4.4000000000000004,5000.7275621922836,False,True
182,131,134,0.29989000701587021,137,0.51224519151418479,158,31.979265384542128,0.28889037323393024,0.7111096267660697,3.4615206758386705,4.4000000000000004,5000.7260873158957,False,True
182,132,407,0.33743525983947026,137,0.51224519151418479,158,32.037343938862904,0.30422125417004825,0.69577874582995181,3.2870813143155262,4.4000000000000004,5000.7201926193657,False,True
182,133,157,0.20896432837558349,137,0.51224519151418479,158,31.538100889558986,0.35952559293740594,0.64047440706259406,2.7814431563265702,4.4000000000000004,5000.7259082168603,False,True
182,134,399,0.28962528728641251,137,0.51224519151418479,158,31.856152496494406,0.31884750238175891,0.68115249761824104,3.1362955410661844,4.4000000000000004,5000.7279979849091,False,True
182,135,56,0.25476198381539372,137,0.51224519151418479,158,31.846232800069011,0.3212882312644339,0.67871176873556616,3.1124700586276917,4.4000000000000004,5000.7241096387415,False,True
182,136,31,0.25030189577384809,137,0.51224519151418479,158,32.200218093322938,0.30197832878577235,0.69802167121422765,3.3114959077391743,4.4000000000000004,5000.7262719569817,False,True
182,137,486,0.17101366603235063,137,0.51224519151418479,158,23.177497481586986,0.32865789491923336,0.67134210508076664,3.0426775545609419,4.4000000000000004,5000.7149393186819,False,True
182,138,312,0.24101281401715455,137,0.51224519151418479,158,31.797138243024115,0.48445626361258337,0.51554373638741668,2.0641698231807646,4.4000000000000004,5000.7282282916558,False,True
182,139,465,0.38642638971413462,137,0.51224519151418479,158,32.240771440505547,0.29851163604448006,0.70148836395551994,3.3499531651456089,4.4000000000000004,5000.726694124739,False,True
182,140,408,0.30423336370472021,137,0.51224519151418479,158,31.596120253007289,0.30681498614477143,0.69318501385522857,3.2592932065194087,4.4000000000000004,5000.7279517584857,False,True
182,141,236,0.24165029129874027,137,0.51224519151418479,158,44.597967876882947,0.37689115040269033,0.62310884959730961,2.6532859658061683,4.4000000000000004,5000.7240264420252,False,True
182,142,279,0.19697136710837843,137,0.51224519151418479,158,33.921104846466264,0.45959396511468509,0.54040603488531491,2.1758336181600302,4.4000000000000004,5000.723608037647,False,True
182,143,346,0.30464422183082407,137,0.51224519151418479,158,31.688229242663304,0.32675507342968446,0.67324492657031554,3.0603962457378442,4.4000000000000004,5000.7286015100708,False,True
182,144,187,0.1741866154366539,137,0.51224519151418479,158,42.534714916071167,1.0941161195900373,-0.094116119590037295,0.91397977060670454,4.4000000000000004,5000.7247937149405,False,False
182,145,52,0.22957544481064365,137,0.51224519151418479,158,31.520323848417217,0.32603707013598704,0.67396292986401296,3.0671358921944343,4.4000000000000004,5000.727069677655,False,True
182,146,5,0.161972280152412,137,0.51224519151418479,158,32.318104741259148,0.36149905138827021,0.63850094861172979,2.7662589878443251,4.4000000000000004,5000.7157317011306,False,True
182,147,173,0.16647290468145964,137,0.51224519151418479,158,31.679834120339102,0.31945944645478747,0.68054055354521248,3.13028777548304,4.4000000000000004,5000.7254096417546,False,True
182,148,335,0.1945055355327347,137,0.51224519151418479,158,31.523614134157924,0.41471465018038223,0.58528534981961777,2.4112965374265052,4.4000000000000004,5000.7271491368774,False,True
182,149,387,0.22540078023207216,137,0.51224519151418479,158,31.573003125240081,0.30167969352920915,0.6983203064707908,3.3147739852870748,4.4000000000000004,5000.7254693757168,False,True
182,150,277,0.24080554655711897,137,0.51224519151418479,158,32.278386464866728,0.3073140833513327,0.6926859166486673,3.2539999114090823,4.4000000000000004,5000.7283107539761,False,True
182,151,1,0.12210288150854566,137,0.51224519151418479,158,37.415534094397913,0.27586022183616743,0.72413977816383257,3.625024272596638,4.4000000000000004,5000.7185054307911,False,True
182,152,30,0.13260795049655821,137,0.51224519151418479,158,32.081972163515886,0.31694546609055713,0.68305453390944293,3.1551169112300275,4.4000000000000004,5000.7318774404703,False,True
182,153,309,0.39553983638390178,137,0.51224519151418479,158,31.694160089452659,0.54745892770667182,0.45254107229332818,1.8266210475168274,4.4000000000000004,5000.7259463543205,False,True
182,154,45,0.38249609354022479,137,0.51224519151418479,158,32.018318699763924,0.32183420785080652,0.67816579214919348,3.1071898996627869,4.4000000000000004,5000.7295193804184,False,True
182,155,46,0.38942283465320016,137,0.51224519151418479,158,31.564140548953269,0.27741746667451145,0.7225825333254885,3.6046756968380822,4.4000000000000004,5000.7320316483174,False,True
182,156,414,0.13847728468428752,137,0.51224519151418479,158,31.548879847963377,0.30681341895745157,0.69318658104254838,3.2593098548231314,4.4000000000000004,5000.7279284078677,False,True
182,157,371,0.37306791521560556,137,0.51224519151418479,158,31.558836182239101,0.31773353515276032,0.68226646484723963,3.1472913286261042,4.4000000000000004,5000.7261882925977,False,True
182,158,102,0.43032419396997029,137,0.51224519151418479,158,31.523558671785995,0.343177237000379,0.65682276299962106,2.9139461834378473,4.4000000000000004,5000.7250329770804,False,True
182,159,417,0.16254759291937698,137,0.51224519151418479,158,32.982075905459062,0.28366554406708666,0.71633445593291334,3.5252783459788151,4.4000000000000004,5000.7262297066782,False,True
182,160,396,0.22268154477105498,137,0.51224519151418479,158,31.583860643944067,0.29863523120749047,0.70136476879250953,3.3485667312481437,4.4000000000000004,5000.725560118196,False,True
182,161,219,0.4138024002370328,137,0.51224519151418479,158,31.910493391993921,0.44025618431791819,0.55974381568208176,2.2714047766285983,4.7999999999999998,5000.7233384525407,False,True
182,162,294,0.14745033504606417,137,0.51224519151418479,158,34.800916636090868,0.36386454648416794,0.63613545351583212,2.7482754493738808,4.4000000000000004,5000.7273787248432,False,True
182,163,49,0.42540629299445648,137,0.51224519151418479,158,31.667746847812531,0.35128530056151536,0.6487146994384847,2.8466889972382572,4.4000000000000004,5000.6394376157659,False,True
182,164,250,0.32121750678160765,137,0.51224519151418479,158,32.045515381612368,0.69867391847024785,0.30132608152975215,1.4312828539377969,4.4000000000000004,5000.7266151544563,False,True
182,165,51,0.36572107098096568,137,0.51224519151418479,158,31.52227595324964,0.31293349753953698,0.68706650246046297,3.1955671344313563,4.4000000000000004,5000.7252276699428,False,True
182,166,168,0.67107166692715081,137,0.51224519151418479,158,31.526160147132593,0.31511910141737531,0.68488089858262469,3.1734033116434279,4.4000000000000004,5000.7261323496668,False,True
182,167,139,0.21310609977177403,137,0.51224519151418479,158,31.903363541776088,0.30709905762833101,0.69290094237166899,3.2562783087737692,4.4000000000000004,5000.7260715058437,False,True
182,168,342,0.31200702049550788,137,0.51224519151418479,158,31.648437299807647,0.31315373461193124,0.6868462653880687,3.1933197323647686,4.4000000000000004,5000.7301072774762,False,True
182,169,202,0.37829053469478946,137,0.51224519151418479,158,35.605758364585945,0.30655460999336481,0.69344539000663519,3.2620615296623474,4.4000000000000004,5000.7235975940303,False,True
182,170,96,0.39699917925503431,137,0.51224519151418479,158,31.521533045335456,0.29991296080746727,0.70008703919253268,3.3343007161399805,4.4000000000000004,5000.725845132717,False,True
182,171,292,0.57855437554218958,137,0.51224519151418479,158,32.429011543277973,0.30365973729203083,0.69634026270796912,3.2931596691671241,4.4000000000000004,5000.7259682466529,False,True
182,172,198,0.31482455088247757,137,0.51224519151418479,158,33.10107487957255,0.31298383862391965,0.68701616137608035,3.1950531516152716,4.4000000000000004,5000.7278474424375,False,True
182,173,375,0.36610861840810893,137,0.51224519151418479,158,31.534591616051269,0.30465701184275945,0.6953429881572406,3.2823797290972028,4.4000000000000004,5000.7231104476487,False,True
182,174,244,0.42604489388449329,137,0.51224519151418479,158,31.988621046515629,0.38034991654643396,0.61965008345356609,2.6291579319379652,4.4000000000000004,5000.7266407774086,False,True
182,175,321,0.47234225191860801,137,0.51224519151418479,158,31.568372061681828,0.3011558069700398,0.69884419302996026,3.3205403211749593,4.4000000000000004,5000.7257877070679,False,True
182,176,401,0.25991951273492953,137,0.51224519151418479,158,31.679250120338398,0.27909934257540991,0.72090065742459009,3.5829536206442687,4.4000000000000004,5000.728589630533,False,True
182,177,436,0.4038202680455979,137,0.51224519151418479,158,31.542890633730558,0.30126191926070062,0.69873808073929933,3.3193707404308141,4.4000000000000004,5000.7262327056833,False,True
182,178,370,0.51705439576140133,137,0.51224519151418479,158,31.525868025754377,0.29392514781609486,0.70607485218390509,3.4022267486472,4.4000000000000004,5000.7251310699839,False,True
182,179,325,0.47455597036665431,137,0.51224519151418479,158,31.678578066694122,0.3027146197757738,0.69728538022422626,3.3034413757112824,4.4000000000000004,5000.7262320582286,False,True
182,180,425,0.20444957676767311,137,0.51224519151418479,158,31.519594622370779,0.30418095722298544,0.69581904277701456,3.2875167766236322,4.4000000000000004,5000.7245833867682,False,True
182,181,163,0.60805967736390421,137,0.51224519151418479,158,31.90600079844528,0.3034419795891502,0.6965580204108498,3.2955229245273343,4.4000000000000004,5000.725382630575,False,True
182,182,88,0.32577068490282124,137,0.51224519151418479,158,31.563058913862239,0.31484875776358245,0.68515124223641755,3.1761281419788623,4.4000000000000004,5000.7309641459697,False,True
